New York City Department of Education,,,,,,,,,,,,,,,
NYC Results on the New York State 2013-2015 Math Test (Grades 3-8),,,,,,,,,,,,,,,
District Summary,,,,,,,,,,,,,,,
Results By Disability Status,,,,,,,,,,,,,,,
 ,,,,,,,,,,,,,,,
,,,,,,Level 1,,Level 2,,Level 3,,Level 4,,Level 3+4,
District,Grade,Year,Category,Number Tested,Mean Scale Score,#,%,#,%,#,%,#,%,#,%
1,3,2013,Not SWD,733,314,155,21.1,219,29.9,170,23.2,189,25.8,359,49.0
1,3,2013,SWD,154,271,94,61.0,47,30.5,9,5.8,4,2.6,13,8.4
1,3,2014,Not SWD,653,319,104,15.9,177,27.1,183,28.0,189,28.9,372,57.0
1,3,2014,SWD,192,272,121,63.0,46,24.0,21,10.9,4,2.1,25,13.0
1,3,2015,Not SWD,585,319,110,18.8,139,23.8,143,24.4,193,33.0,336,57.4
1,3,2015,SWD,180,277,111,61.7,36,20.0,25,13.9,8,4.4,33,18.3
1,4,2013,Not SWD,641,316,116,18.1,200,31.2,157,24.5,168,26.2,325,50.7
1,4,2013,SWD,196,272,124,63.3,52,26.5,16,8.2,4,2.0,20,10.2
1,4,2014,Not SWD,658,324,106,16.1,167,25.4,156,23.7,229,34.8,385,58.5
1,4,2014,SWD,171,269,110,64.3,42,24.6,13,7.6,6,3.5,19,11.1
1,4,2015,Not SWD,606,320,106,17.5,153,25.2,139,22.9,208,34.3,347,57.3
1,4,2015,SWD,197,267,123,62.4,53,26.9,15,7.6,6,3.0,21,10.7
1,5,2013,Not SWD,618,311,188,30.4,188,30.4,128,20.7,114,18.4,242,39.2
1,5,2013,SWD,162,268,127,78.4,25,15.4,8,4.9,2,1.2,10,6.2
1,5,2014,Not SWD,565,323,100,17.7,170,30.1,137,24.2,158,28.0,295,52.2
1,5,2014,SWD,200,274,136,68.0,42,21.0,18,9.0,4,2.0,22,11.0
1,5,2015,Not SWD,609,329,123,20.2,120,19.7,148,24.3,218,35.8,366,60.1
1,5,2015,SWD,173,271,114,65.9,36,20.8,18,10.4,5,2.9,23,13.3
1,6,2013,Not SWD,652,316,109,16.7,235,36.0,139,21.3,169,25.9,308,47.2
1,6,2013,SWD,199,267,140,70.4,44,22.1,10,5.0,5,2.5,15,7.5
1,6,2014,Not SWD,582,321,89,15.3,196,33.7,108,18.6,189,32.5,297,51.0
1,6,2014,SWD,162,272,99,61.1,43,26.5,14,8.6,6,3.7,20,12.3
1,6,2015,Not SWD,571,324,84,14.7,170,29.8,116,20.3,201,35.2,317,55.5
1,6,2015,SWD,194,272,124,63.9,48,24.7,14,7.2,8,4.1,22,11.3
1,7,2013,Not SWD,694,315,200,28.8,200,28.8,135,19.5,159,22.9,294,42.4
1,7,2013,SWD,211,271,157,74.4,48,22.7,5,2.4,1,0.5,6,2.8
1,7,2014,Not SWD,570,318,121,21.2,172,30.2,164,28.8,113,19.8,277,48.6
1,7,2014,SWD,200,273,143,71.5,40,20.0,13,6.5,4,2.0,17,8.5
1,7,2015,Not SWD,523,315,134,25.6,162,31.0,125,23.9,102,19.5,227,43.4
1,7,2015,SWD,174,274,113,64.9,49,28.2,10,5.7,2,1.1,12,6.9
1,8,2013,Not SWD,641,314,144,22.5,223,34.8,131,20.4,143,22.3,274,42.7
1,8,2013,SWD,176,268,121,68.8,38,21.6,14,8.0,3,1.7,17,9.7
1,8,2014,Not SWD,542,308,144,26.6,199,36.7,122,22.5,77,14.2,199,36.7
1,8,2014,SWD,183,272,119,65.0,53,29.0,8,4.4,3,1.6,11,6.0
1,8,2015,Not SWD,432,312,104,24.1,168,38.9,87,20.1,73,16.9,160,37.0
1,8,2015,SWD,220,263,158,71.8,44,20.0,16,7.3,2,0.9,18,8.2
1,All Grades,2013,Not SWD,3979,314,912,22.9,1265,31.8,860,21.6,942,23.7,1802,45.3
1,All Grades,2013,SWD,1098,270,763,69.5,254,23.1,62,5.6,19,1.7,81,7.4
1,All Grades,2014,Not SWD,3570,319,664,18.6,1081,30.3,870,24.4,955,26.8,1825,51.1
1,All Grades,2014,SWD,1108,272,728,65.7,266,24.0,87,7.9,27,2.4,114,10.3
1,All Grades,2015,Not SWD,3326,320,661,19.9,912,27.4,758,22.8,995,29.9,1753,52.7
1,All Grades,2015,SWD,1138,270,743,65.3,266,23.4,98,8.6,31,2.7,129,11.3
2,3,2013,Not SWD,2284,328,160,7.0,585,25.6,732,32.0,807,35.3,1539,67.4
2,3,2013,SWD,449,297,156,34.7,136,30.3,91,20.3,66,14.7,157,35.0
2,3,2014,Not SWD,2313,333,119,5.1,414,17.9,833,36.0,947,40.9,1780,77.0
2,3,2014,SWD,515,300,158,30.7,144,28.0,134,26.0,79,15.3,213,41.4
2,3,2015,Not SWD,2347,335,110,4.7,451,19.2,724,30.8,1062,45.2,1786,76.1
2,3,2015,SWD,497,304,150,30.2,137,27.6,107,21.5,103,20.7,210,42.3
2,4,2013,Not SWD,2121,333,106,5.0,402,19.0,714,33.7,899,42.4,1613,76.0
2,4,2013,SWD,508,293,188,37.0,164,32.3,95,18.7,61,12.0,156,30.7
2,4,2014,Not SWD,2124,338,91,4.3,361,17.0,666,31.4,1006,47.4,1672,78.7
2,4,2014,SWD,515,300,156,30.3,148,28.7,127,24.7,84,16.3,211,41.0
2,4,2015,Not SWD,2264,339,84,3.7,368,16.3,669,29.5,1143,50.5,1812,80.0
2,4,2015,SWD,523,304,147,28.1,147,28.1,125,23.9,104,19.9,229,43.8
2,5,2013,Not SWD,2008,332,216,10.8,400,19.9,702,35.0,690,34.4,1392,69.3
2,5,2013,SWD,460,294,223,48.5,103,22.4,91,19.8,43,9.3,134,29.1
2,5,2014,Not SWD,2045,340,113,5.5,332,16.2,674,33.0,926,45.3,1600,78.2
2,5,2014,SWD,520,296,212,40.8,150,28.8,103,19.8,55,10.6,158,30.4
2,5,2015,Not SWD,2027,343,91,4.5,269,13.3,676,33.3,991,48.9,1667,82.2
2,5,2015,SWD,497,302,178,35.8,125,25.2,130,26.2,64,12.9,194,39.0
2,6,2013,Not SWD,1866,331,118,6.3,468,25.1,542,29.0,738,39.5,1280,68.6
2,6,2013,SWD,378,286,169,44.7,126,33.3,48,12.7,35,9.3,83,22.0
2,6,2014,Not SWD,1855,335,125,6.7,346,18.7,474,25.6,910,49.1,1384,74.6
2,6,2014,SWD,445,294,178,40.0,136,30.6,61,13.7,70,15.7,131,29.4
2,6,2015,Not SWD,1923,339,85,4.4,361,18.8,468,24.3,1009,52.5,1477,76.8
2,6,2015,SWD,435,293,170,39.1,158,36.3,58,13.3,49,11.3,107,24.6
2,7,2013,Not SWD,2001,327,226,11.3,559,27.9,689,34.4,527,26.3,1216,60.8
2,7,2013,SWD,391,282,233,59.6,102,26.1,45,11.5,11,2.8,56,14.3
2,7,2014,Not SWD,1839,335,155,8.4,387,21.0,621,33.8,676,36.8,1297,70.5
2,7,2014,SWD,391,289,206,52.7,99,25.3,60,15.3,26,6.6,86,22.0
2,7,2015,Not SWD,1842,337,134,7.3,348,18.9,635,34.5,725,39.4,1360,73.8
2,7,2015,SWD,416,298,179,43.0,117,28.1,70,16.8,50,12.0,120,28.8
2,8,2013,Not SWD,1887,328,183,9.7,553,29.3,622,33.0,529,28.0,1151,61.0
2,8,2013,SWD,339,287,158,46.6,108,31.9,57,16.8,16,4.7,73,21.5
2,8,2014,Not SWD,1558,326,175,11.2,501,32.2,504,32.3,378,24.3,882,56.6
2,8,2014,SWD,337,282,180,53.4,105,31.2,44,13.1,8,2.4,52,15.4
2,8,2015,Not SWD,1336,324,168,12.6,420,31.4,411,30.8,337,25.2,748,56.0
2,8,2015,SWD,343,281,186,54.2,95,27.7,42,12.2,20,5.8,62,18.1
2,All Grades,2013,Not SWD,12167,330,1009,8.3,2967,24.4,4001,32.9,4190,34.4,8191,67.3
2,All Grades,2013,SWD,2525,290,1127,44.6,739,29.3,427,16.9,232,9.2,659,26.1
2,All Grades,2014,Not SWD,11734,335,778,6.6,2341,20.0,3772,32.1,4843,41.3,8615,73.4
2,All Grades,2014,SWD,2723,294,1090,40.0,782,28.7,529,19.4,322,11.8,851,31.3
2,All Grades,2015,Not SWD,11739,337,672,5.7,2217,18.9,3583,30.5,5267,44.9,8850,75.4
2,All Grades,2015,SWD,2711,298,1010,37.3,779,28.7,532,19.6,390,14.4,922,34.0
3,3,2013,Not SWD,1296,320,211,16.3,353,27.2,320,24.7,412,31.8,732,56.5
3,3,2013,SWD,211,287,95,45.0,63,29.9,34,16.1,19,9.0,53,25.1
3,3,2014,Not SWD,1158,321,187,16.1,295,25.5,298,25.7,378,32.6,676,58.4
3,3,2014,SWD,254,290,102,40.2,75,29.5,51,20.1,26,10.2,77,30.3
3,3,2015,Not SWD,1050,323,150,14.3,269,25.6,262,25.0,369,35.1,631,60.1
3,3,2015,SWD,254,284,135,53.1,66,26.0,28,11.0,25,9.8,53,20.9
3,4,2013,Not SWD,1093,321,187,17.1,272,24.9,254,23.2,380,34.8,634,58.0
3,4,2013,SWD,222,286,104,46.8,70,31.5,27,12.2,21,9.5,48,21.6
3,4,2014,Not SWD,1197,331,152,12.7,243,20.3,257,21.5,545,45.5,802,67.0
3,4,2014,SWD,245,287,114,46.5,62,25.3,38,15.5,31,12.7,69,28.2
3,4,2015,Not SWD,1088,329,147,13.5,230,21.1,239,22.0,472,43.4,711,65.3
3,4,2015,SWD,255,286,116,45.5,61,23.9,49,19.2,29,11.4,78,30.6
3,5,2013,Not SWD,1171,314,363,31.0,282,24.1,267,22.8,259,22.1,526,44.9
3,5,2013,SWD,230,280,143,62.2,51,22.2,28,12.2,8,3.5,36,15.7
3,5,2014,Not SWD,1057,327,188,17.8,216,20.4,297,28.1,356,33.7,653,61.8
3,5,2014,SWD,233,284,138,59.2,50,21.5,30,12.9,15,6.4,45,19.3
3,5,2015,Not SWD,1116,333,157,14.1,217,19.4,309,27.7,433,38.8,742,66.5
3,5,2015,SWD,228,288,124,54.4,52,22.8,37,16.2,15,6.6,52,22.8
3,6,2013,Not SWD,1124,314,208,18.5,408,36.3,219,19.5,289,25.7,508,45.2
3,6,2013,SWD,213,270,142,66.7,54,25.4,12,5.6,5,2.3,17,8.0
3,6,2014,Not SWD,1131,321,202,17.9,335,29.6,218,19.3,376,33.2,594,52.5
3,6,2014,SWD,237,277,136,57.4,61,25.7,21,8.9,19,8.0,40,16.9
3,6,2015,Not SWD,1057,326,131,12.4,284,26.9,233,22.0,409,38.7,642,60.7
3,6,2015,SWD,225,278,125,55.6,63,28.0,23,10.2,14,6.2,37,16.4
3,7,2013,Not SWD,1152,312,378,32.8,299,26.0,233,20.2,242,21.0,475,41.2
3,7,2013,SWD,194,271,136,70.1,42,21.6,13,6.7,3,1.5,16,8.2
3,7,2014,Not SWD,1067,320,236,22.1,294,27.6,272,25.5,265,24.8,537,50.3
3,7,2014,SWD,210,273,148,70.5,47,22.4,10,4.8,5,2.4,15,7.1
3,7,2015,Not SWD,1100,322,230,20.9,286,26.0,276,25.1,308,28.0,584,53.1
3,7,2015,SWD,215,281,124,57.7,58,27.0,28,13.0,5,2.3,33,15.3
3,8,2013,Not SWD,1104,311,258,23.4,407,36.9,264,23.9,175,15.9,439,39.8
3,8,2013,SWD,153,267,99,64.7,45,29.4,7,4.6,2,1.3,9,5.9
3,8,2014,Not SWD,649,292,249,38.4,280,43.1,109,16.8,11,1.7,120,18.5
3,8,2014,SWD,167,269,109,65.3,48,28.7,9,5.4,1,0.6,10,6.0
3,8,2015,Not SWD,553,294,200,36.2,262,47.4,72,13.0,19,3.4,91,16.5
3,8,2015,SWD,182,268,127,69.8,45,24.7,9,4.9,1,0.5,10,5.5
3,All Grades,2013,Not SWD,6940,316,1605,23.1,2021,29.1,1557,22.4,1757,25.3,3314,47.8
3,All Grades,2013,SWD,1223,277,719,58.8,325,26.6,121,9.9,58,4.7,179,14.6
3,All Grades,2014,Not SWD,6259,321,1214,19.4,1663,26.6,1451,23.2,1931,30.9,3382,54.0
3,All Grades,2014,SWD,1346,281,747,55.5,343,25.5,159,11.8,97,7.2,256,19.0
3,All Grades,2015,Not SWD,5964,324,1015,17.0,1548,26.0,1391,23.3,2010,33.7,3401,57.0
3,All Grades,2015,SWD,1359,281,751,55.3,345,25.4,174,12.8,89,6.5,263,19.4
4,3,2013,Not SWD,803,299,254,31.6,305,38.0,156,19.4,88,11.0,244,30.4
4,3,2013,SWD,253,273,156,61.7,73,28.9,18,7.1,6,2.4,24,9.5
4,3,2014,Not SWD,729,309,171,23.5,231,31.7,200,27.4,127,17.4,327,44.9
4,3,2014,SWD,261,273,162,62.1,64,24.5,28,10.7,7,2.7,35,13.4
4,3,2015,Not SWD,704,309,160,22.7,239,33.9,166,23.6,139,19.7,305,43.3
4,3,2015,SWD,269,278,159,59.1,71,26.4,32,11.9,7,2.6,39,14.5
4,4,2013,Not SWD,835,303,226,27.1,321,38.4,174,20.8,114,13.7,288,34.5
4,4,2013,SWD,253,270,168,66.4,66,26.1,16,6.3,3,1.2,19,7.5
4,4,2014,Not SWD,743,301,211,28.4,286,38.5,146,19.7,100,13.5,246,33.1
4,4,2014,SWD,285,264,196,68.8,63,22.1,21,7.4,5,1.8,26,9.1
4,4,2015,Not SWD,700,306,193,27.6,218,31.1,145,20.7,144,20.6,289,41.3
4,4,2015,SWD,278,269,172,61.9,82,29.5,23,8.3,1,0.4,24,8.6
4,5,2013,Not SWD,771,300,313,40.6,244,31.6,159,20.6,55,7.1,214,27.8
4,5,2013,SWD,290,266,234,80.7,37,12.8,17,5.9,2,0.7,19,6.6
4,5,2014,Not SWD,769,311,215,28.0,247,32.1,192,25.0,115,15.0,307,39.9
4,5,2014,SWD,271,272,196,72.3,49,18.1,19,7.0,7,2.6,26,9.6
4,5,2015,Not SWD,686,306,225,32.8,224,32.7,153,22.3,84,12.2,237,34.5
4,5,2015,SWD,262,273,184,70.2,55,21.0,20,7.6,3,1.1,23,8.8
4,6,2013,Not SWD,775,298,228,29.4,375,48.4,104,13.4,68,8.8,172,22.2
4,6,2013,SWD,238,267,152,63.9,77,32.4,5,2.1,4,1.7,9,3.8
4,6,2014,Not SWD,704,301,200,28.4,295,41.9,114,16.2,95,13.5,209,29.7
4,6,2014,SWD,293,264,211,72.0,69,23.5,10,3.4,3,1.0,13,4.4
4,6,2015,Not SWD,745,303,204,27.4,308,41.3,133,17.9,100,13.4,233,31.3
4,6,2015,SWD,255,270,173,67.8,70,27.5,11,4.3,1,0.4,12,4.7
4,7,2013,Not SWD,814,295,365,44.8,289,35.5,123,15.1,37,4.5,160,19.7
4,7,2013,SWD,265,269,210,79.2,48,18.1,7,2.6,0,0.0,7,2.6
4,7,2014,Not SWD,759,300,285,37.5,290,38.2,132,17.4,52,6.9,184,24.2
4,7,2014,SWD,255,270,190,74.5,57,22.4,7,2.7,1,0.4,8,3.1
4,7,2015,Not SWD,702,305,230,32.8,252,35.9,147,20.9,73,10.4,220,31.3
4,7,2015,SWD,286,265,223,78.0,57,19.9,6,2.1,0,0.0,6,2.1
4,8,2013,Not SWD,836,297,296,35.4,376,45.0,124,14.8,40,4.8,164,19.6
4,8,2013,SWD,263,262,205,77.9,55,20.9,3,1.1,0,0.0,3,1.1
4,8,2014,Not SWD,758,301,223,29.4,332,43.8,138,18.2,65,8.6,203,26.8
4,8,2014,SWD,254,263,189,74.4,54,21.3,10,3.9,1,0.4,11,4.3
4,8,2015,Not SWD,642,295,250,38.9,270,42.1,88,13.7,34,5.3,122,19.0
4,8,2015,SWD,228,264,176,77.2,44,19.3,5,2.2,3,1.3,8,3.5
4,All Grades,2013,Not SWD,4834,299,1682,34.8,1910,39.5,840,17.4,402,8.3,1242,25.7
4,All Grades,2013,SWD,1562,268,1125,72.0,356,22.8,66,4.2,15,1.0,81,5.2
4,All Grades,2014,Not SWD,4462,304,1305,29.2,1681,37.7,922,20.7,554,12.4,1476,33.1
4,All Grades,2014,SWD,1619,268,1144,70.7,356,22.0,95,5.9,24,1.5,119,7.4
4,All Grades,2015,Not SWD,4179,304,1262,30.2,1511,36.2,832,19.9,574,13.7,1406,33.6
4,All Grades,2015,SWD,1578,270,1087,68.9,379,24.0,97,6.1,15,1.0,112,7.1
5,3,2013,Not SWD,712,287,307,43.1,270,37.9,108,15.2,27,3.8,135,19.0
5,3,2013,SWD,253,267,166,65.6,67,26.5,19,7.5,1,0.4,20,7.9
5,3,2014,Not SWD,662,287,285,43.1,245,37.0,101,15.3,31,4.7,132,19.9
5,3,2014,SWD,271,267,183,67.5,59,21.8,23,8.5,6,2.2,29,10.7
5,3,2015,Not SWD,632,291,271,42.9,211,33.4,109,17.2,41,6.5,150,23.7
5,3,2015,SWD,256,270,178,69.5,51,19.9,19,7.4,8,3.1,27,10.5
5,4,2013,Not SWD,692,285,338,48.8,227,32.8,105,15.2,22,3.2,127,18.4
5,4,2013,SWD,231,262,176,76.2,40,17.3,13,5.6,2,0.9,15,6.5
5,4,2014,Not SWD,646,289,277,42.9,225,34.8,108,16.7,36,5.6,144,22.3
5,4,2014,SWD,268,262,185,69.0,59,22.0,21,7.8,3,1.1,24,9.0
5,4,2015,Not SWD,602,286,269,44.7,202,33.6,99,16.4,32,5.3,131,21.8
5,4,2015,SWD,311,264,217,69.8,66,21.2,22,7.1,6,1.9,28,9.0
5,5,2013,Not SWD,590,281,392,66.4,138,23.4,53,9.0,7,1.2,60,10.2
5,5,2013,SWD,252,265,192,76.2,47,18.7,10,4.0,3,1.2,13,5.2
5,5,2014,Not SWD,558,290,290,52.0,168,30.1,80,14.3,20,3.6,100,17.9
5,5,2014,SWD,236,261,192,81.4,32,13.6,11,4.7,1,0.4,12,5.1
5,5,2015,Not SWD,571,292,289,50.6,183,32.0,79,13.8,20,3.5,99,17.3
5,5,2015,SWD,264,267,189,71.6,59,22.3,14,5.3,2,0.8,16,6.1
5,6,2013,Not SWD,717,292,288,40.2,276,38.5,81,11.3,72,10.0,153,21.3
5,6,2013,SWD,241,254,198,82.2,39,16.2,3,1.2,1,0.4,4,1.7
5,6,2014,Not SWD,644,291,280,43.5,203,31.5,85,13.2,76,11.8,161,25.0
5,6,2014,SWD,260,257,200,76.9,48,18.5,8,3.1,4,1.5,12,4.6
5,6,2015,Not SWD,585,290,269,46.0,162,27.7,75,12.8,79,13.5,154,26.3
5,6,2015,SWD,242,258,191,78.9,41,16.9,7,2.9,3,1.2,10,4.1
5,7,2013,Not SWD,730,288,412,56.4,216,29.6,67,9.2,35,4.8,102,14.0
5,7,2013,SWD,247,259,213,86.2,30,12.1,4,1.6,0,0.0,4,1.6
5,7,2014,Not SWD,696,293,357,51.3,221,31.8,79,11.4,39,5.6,118,17.0
5,7,2014,SWD,267,265,211,79.0,50,18.7,5,1.9,1,0.4,6,2.2
5,7,2015,Not SWD,631,292,305,48.3,205,32.5,77,12.2,44,7.0,121,19.2
5,7,2015,SWD,274,264,210,76.6,55,20.1,7,2.6,2,0.7,9,3.3
5,8,2013,Not SWD,783,288,358,45.7,314,40.1,89,11.4,22,2.8,111,14.2
5,8,2013,SWD,260,256,216,83.1,40,15.4,4,1.5,0,0.0,4,1.5
5,8,2014,Not SWD,635,282,315,49.6,267,42.0,51,8.0,2,0.3,53,8.3
5,8,2014,SWD,256,257,211,82.4,37,14.5,8,3.1,0,0.0,8,3.1
5,8,2015,Not SWD,596,279,331,55.5,221,37.1,32,5.4,12,2.0,44,7.4
5,8,2015,SWD,267,254,221,82.8,42,15.7,4,1.5,0,0.0,4,1.5
5,All Grades,2013,Not SWD,4224,287,2095,49.6,1441,34.1,503,11.9,185,4.4,688,16.3
5,All Grades,2013,SWD,1484,260,1161,78.2,263,17.7,53,3.6,7,0.5,60,4.0
5,All Grades,2014,Not SWD,3841,288,1804,47.0,1329,34.6,504,13.1,204,5.3,708,18.4
5,All Grades,2014,SWD,1558,262,1182,75.9,285,18.3,76,4.9,15,1.0,91,5.8
5,All Grades,2015,Not SWD,3617,288,1734,47.9,1184,32.7,471,13.0,228,6.3,699,19.3
5,All Grades,2015,SWD,1614,263,1206,74.7,314,19.5,73,4.5,21,1.3,94,5.8
6,3,2013,Not SWD,1836,290,761,41.4,660,35.9,312,17.0,103,5.6,415,22.6
6,3,2013,SWD,314,268,214,68.2,68,21.7,22,7.0,10,3.2,32,10.2
6,3,2014,Not SWD,1720,294,617,35.9,623,36.2,359,20.9,121,7.0,480,27.9
6,3,2014,SWD,362,272,219,60.5,97,26.8,33,9.1,13,3.6,46,12.7
6,3,2015,Not SWD,1547,297,508,32.8,597,38.6,298,19.3,144,9.3,442,28.6
6,3,2015,SWD,373,274,224,60.1,97,26.0,35,9.4,17,4.6,52,13.9
6,4,2013,Not SWD,1800,291,670,37.2,715,39.7,307,17.1,108,6.0,415,23.1
6,4,2013,SWD,374,264,248,66.3,104,27.8,20,5.3,2,0.5,22,5.9
6,4,2014,Not SWD,1727,296,568,32.9,646,37.4,333,19.3,180,10.4,513,29.7
6,4,2014,SWD,382,265,249,65.2,98,25.7,28,7.3,7,1.8,35,9.2
6,4,2015,Not SWD,1638,295,549,33.5,594,36.3,337,20.6,158,9.6,495,30.2
6,4,2015,SWD,375,270,230,61.3,102,27.2,31,8.3,12,3.2,43,11.5
6,5,2013,Not SWD,1478,291,756,51.2,433,29.3,231,15.6,58,3.9,289,19.6
6,5,2013,SWD,282,267,216,76.6,50,17.7,14,5.0,2,0.7,16,5.7
6,5,2014,Not SWD,1400,298,562,40.1,432,30.9,309,22.1,97,6.9,406,29.0
6,5,2014,SWD,341,273,237,69.5,68,19.9,32,9.4,4,1.2,36,10.6
6,5,2015,Not SWD,1341,301,491,36.6,414,30.9,327,24.4,109,8.1,436,32.5
6,5,2015,SWD,337,269,255,75.7,53,15.7,22,6.5,7,2.1,29,8.6
6,6,2013,Not SWD,1573,291,562,35.7,729,46.3,208,13.2,74,4.7,282,17.9
6,6,2013,SWD,305,267,207,67.9,88,28.9,8,2.6,2,0.7,10,3.3
6,6,2014,Not SWD,1370,293,469,34.2,582,42.5,228,16.6,91,6.6,319,23.3
6,6,2014,SWD,324,266,224,69.1,81,25.0,12,3.7,7,2.2,19,5.9
6,6,2015,Not SWD,1360,293,478,35.1,543,39.9,241,17.7,98,7.2,339,24.9
6,6,2015,SWD,332,269,218,65.7,86,25.9,20,6.0,8,2.4,28,8.4
6,7,2013,Not SWD,1658,290,837,50.5,588,35.5,194,11.7,39,2.4,233,14.1
6,7,2013,SWD,310,267,246,79.4,51,16.5,11,3.5,2,0.6,13,4.2
6,7,2014,Not SWD,1577,297,638,40.5,616,39.1,278,17.6,45,2.9,323,20.5
6,7,2014,SWD,309,272,229,74.1,64,20.7,15,4.9,1,0.3,16,5.2
6,7,2015,Not SWD,1395,297,525,37.6,557,39.9,249,17.8,64,4.6,313,22.4
6,7,2015,SWD,315,272,219,69.5,72,22.9,20,6.3,4,1.3,24,7.6
6,8,2013,Not SWD,1672,292,676,40.4,704,42.1,229,13.7,63,3.8,292,17.5
6,8,2013,SWD,330,266,228,69.1,93,28.2,8,2.4,1,0.3,9,2.7
6,8,2014,Not SWD,1649,294,603,36.6,704,42.7,277,16.8,65,3.9,342,20.7
6,8,2014,SWD,324,267,226,69.8,74,22.8,22,6.8,2,0.6,24,7.4
6,8,2015,Not SWD,1471,296,537,36.5,621,42.2,222,15.1,91,6.2,313,21.3
6,8,2015,SWD,286,267,199,69.6,79,27.6,7,2.4,1,0.3,8,2.8
6,All Grades,2013,Not SWD,10017,291,4262,42.5,3829,38.2,1481,14.8,445,4.4,1926,19.2
6,All Grades,2013,SWD,1915,266,1359,71.0,454,23.7,83,4.3,19,1.0,102,5.3
6,All Grades,2014,Not SWD,9443,295,3457,36.6,3603,38.2,1784,18.9,599,6.3,2383,25.2
6,All Grades,2014,SWD,2042,269,1384,67.8,482,23.6,142,7.0,34,1.7,176,8.6
6,All Grades,2015,Not SWD,8752,296,3088,35.3,3326,38.0,1674,19.1,664,7.6,2338,26.7
6,All Grades,2015,SWD,2018,270,1345,66.7,489,24.2,135,6.7,49,2.4,184,9.1
7,3,2013,Not SWD,1086,284,522,48.1,419,38.6,126,11.6,19,1.7,145,13.4
7,3,2013,SWD,321,265,227,70.7,73,22.7,19,5.9,2,0.6,21,6.5
7,3,2014,Not SWD,995,287,451,45.3,358,36.0,152,15.3,34,3.4,186,18.7
7,3,2014,SWD,390,267,255,65.4,102,26.2,24,6.2,9,2.3,33,8.5
7,3,2015,Not SWD,923,291,384,41.6,320,34.7,159,17.2,60,6.5,219,23.7
7,3,2015,SWD,353,272,228,64.6,90,25.5,24,6.8,11,3.1,35,9.9
7,4,2013,Not SWD,1001,286,436,43.6,413,41.3,132,13.2,20,2.0,152,15.2
7,4,2013,SWD,387,261,298,77.0,71,18.3,15,3.9,3,0.8,18,4.7
7,4,2014,Not SWD,955,288,398,41.7,368,38.5,138,14.5,51,5.3,189,19.8
7,4,2014,SWD,384,262,280,72.9,77,20.1,21,5.5,6,1.6,27,7.0
7,4,2015,Not SWD,970,287,404,41.6,375,38.7,137,14.1,54,5.6,191,19.7
7,4,2015,SWD,406,263,290,71.4,86,21.2,21,5.2,9,2.2,30,7.4
7,5,2013,Not SWD,914,286,513,56.1,294,32.2,91,10.0,16,1.8,107,11.7
7,5,2013,SWD,354,261,294,83.1,43,12.1,16,4.5,1,0.3,17,4.8
7,5,2014,Not SWD,921,295,392,42.6,329,35.7,171,18.6,29,3.1,200,21.7
7,5,2014,SWD,382,265,297,77.7,67,17.5,15,3.9,3,0.8,18,4.7
7,5,2015,Not SWD,898,294,395,44.0,304,33.9,166,18.5,33,3.7,199,22.2
7,5,2015,SWD,383,267,284,74.2,81,21.1,15,3.9,3,0.8,18,4.7
7,6,2013,Not SWD,1036,282,503,48.6,424,40.9,85,8.2,24,2.3,109,10.5
7,6,2013,SWD,356,255,295,82.9,48,13.5,12,3.4,1,0.3,13,3.7
7,6,2014,Not SWD,969,283,468,48.3,379,39.1,83,8.6,39,4.0,122,12.6
7,6,2014,SWD,389,258,304,78.1,73,18.8,8,2.1,4,1.0,12,3.1
7,6,2015,Not SWD,881,287,394,44.7,337,38.3,117,13.3,33,3.7,150,17.0
7,6,2015,SWD,398,256,316,79.4,68,17.1,10,2.5,4,1.0,14,3.5
7,7,2013,Not SWD,971,282,616,63.4,283,29.1,65,6.7,7,0.7,72,7.4
7,7,2013,SWD,370,255,322,87.0,37,10.0,11,3.0,0,0.0,11,3.0
7,7,2014,Not SWD,1000,287,573,57.3,314,31.4,103,10.3,10,1.0,113,11.3
7,7,2014,SWD,379,260,328,86.5,43,11.3,8,2.1,0,0.0,8,2.1
7,7,2015,Not SWD,972,286,520,53.5,332,34.2,102,10.5,18,1.9,120,12.3
7,7,2015,SWD,370,262,306,82.7,59,15.9,5,1.4,0,0.0,5,1.4
7,8,2013,Not SWD,1056,284,544,51.5,404,38.3,93,8.8,15,1.4,108,10.2
7,8,2013,SWD,361,254,301,83.4,55,15.2,5,1.4,0,0.0,5,1.4
7,8,2014,Not SWD,871,281,472,54.2,310,35.6,71,8.2,18,2.1,89,10.2
7,8,2014,SWD,386,257,317,82.1,58,15.0,10,2.6,1,0.3,11,2.8
7,8,2015,Not SWD,904,279,505,55.9,294,32.5,83,9.2,22,2.4,105,11.6
7,8,2015,SWD,368,254,301,81.8,61,16.6,6,1.6,0,0.0,6,1.6
7,All Grades,2013,Not SWD,6064,284,3134,51.7,2237,36.9,592,9.8,101,1.7,693,11.4
7,All Grades,2013,SWD,2149,258,1737,80.8,327,15.2,78,3.6,7,0.3,85,4.0
7,All Grades,2014,Not SWD,5711,287,2754,48.2,2058,36.0,718,12.6,181,3.2,899,15.7
7,All Grades,2014,SWD,2310,261,1781,77.1,420,18.2,86,3.7,23,1.0,109,4.7
7,All Grades,2015,Not SWD,5548,287,2602,46.9,1962,35.4,764,13.8,220,4.0,984,17.7
7,All Grades,2015,SWD,2278,262,1725,75.7,445,19.5,81,3.6,27,1.2,108,4.7
8,3,2013,Not SWD,1646,296,553,33.6,657,39.9,321,19.5,115,7.0,436,26.5
8,3,2013,SWD,472,271,301,63.8,123,26.1,36,7.6,12,2.5,48,10.2
8,3,2014,Not SWD,1689,300,487,28.8,666,39.4,367,21.7,169,10.0,536,31.7
8,3,2014,SWD,622,273,376,60.5,178,28.6,50,8.0,18,2.9,68,10.9
8,3,2015,Not SWD,1644,301,483,29.4,615,37.4,346,21.0,200,12.2,546,33.2
8,3,2015,SWD,590,275,360,61.0,153,25.9,51,8.6,26,4.4,77,13.1
8,4,2013,Not SWD,1668,297,500,30.0,696,41.7,347,20.8,125,7.5,472,28.3
8,4,2013,SWD,562,268,391,69.6,127,22.6,34,6.0,10,1.8,44,7.8
8,4,2014,Not SWD,1505,302,408,27.1,570,37.9,332,22.1,195,13.0,527,35.0
8,4,2014,SWD,594,270,385,64.8,151,25.4,50,8.4,8,1.3,58,9.8
8,4,2015,Not SWD,1656,298,497,30.0,642,38.8,331,20.0,186,11.2,517,31.2
8,4,2015,SWD,622,267,410,65.9,157,25.2,43,6.9,12,1.9,55,8.8
8,5,2013,Not SWD,1780,298,783,44.0,570,32.0,341,19.2,86,4.8,427,24.0
8,5,2013,SWD,526,269,408,77.6,89,16.9,24,4.6,5,1.0,29,5.5
8,5,2014,Not SWD,1629,307,477,29.3,570,35.0,399,24.5,183,11.2,582,35.7
8,5,2014,SWD,598,272,432,72.2,127,21.2,30,5.0,9,1.5,39,6.5
8,5,2015,Not SWD,1469,307,401,27.3,525,35.7,406,27.6,137,9.3,543,37.0
8,5,2015,SWD,605,273,427,70.6,123,20.3,45,7.4,10,1.7,55,9.1
8,6,2013,Not SWD,1668,291,647,38.8,720,43.2,197,11.8,104,6.2,301,18.0
8,6,2013,SWD,576,262,432,75.0,131,22.7,10,1.7,3,0.5,13,2.3
8,6,2014,Not SWD,1563,291,630,40.3,574,36.7,222,14.2,137,8.8,359,23.0
8,6,2014,SWD,579,264,423,73.1,129,22.3,18,3.1,9,1.6,27,4.7
8,6,2015,Not SWD,1483,296,488,32.9,587,39.6,249,16.8,159,10.7,408,27.5
8,6,2015,SWD,575,260,429,74.6,116,20.2,24,4.2,6,1.0,30,5.2
8,7,2013,Not SWD,1739,290,911,52.4,574,33.0,221,12.7,33,1.9,254,14.6
8,7,2013,SWD,561,261,489,87.2,57,10.2,13,2.3,2,0.4,15,2.7
8,7,2014,Not SWD,1594,292,794,49.8,526,33.0,202,12.7,72,4.5,274,17.2
8,7,2014,SWD,625,265,523,83.7,93,14.9,9,1.4,0,0.0,9,1.4
8,7,2015,Not SWD,1532,295,667,43.5,543,35.4,257,16.8,65,4.2,322,21.0
8,7,2015,SWD,626,262,503,80.4,101,16.1,19,3.0,3,0.5,22,3.5
8,8,2013,Not SWD,1769,288,824,46.6,689,38.9,202,11.4,54,3.1,256,14.5
8,8,2013,SWD,586,254,505,86.2,74,12.6,5,0.9,2,0.3,7,1.2
8,8,2014,Not SWD,1505,285,740,49.2,552,36.7,153,10.2,60,4.0,213,14.2
8,8,2014,SWD,602,258,481,79.9,108,17.9,10,1.7,3,0.5,13,2.2
8,8,2015,Not SWD,1400,285,738,52.7,481,34.4,117,8.4,64,4.6,181,12.9
8,8,2015,SWD,603,255,509,84.4,84,13.9,10,1.7,0,0.0,10,1.7
8,All Grades,2013,Not SWD,10270,293,4218,41.1,3906,38.0,1629,15.9,517,5.0,2146,20.9
8,All Grades,2013,SWD,3283,264,2526,76.9,601,18.3,122,3.7,34,1.0,156,4.8
8,All Grades,2014,Not SWD,9485,296,3536,37.3,3458,36.5,1675,17.7,816,8.6,2491,26.3
8,All Grades,2014,SWD,3620,267,2620,72.4,786,21.7,167,4.6,47,1.3,214,5.9
8,All Grades,2015,Not SWD,9184,297,3274,35.6,3393,36.9,1706,18.6,811,8.8,2517,27.4
8,All Grades,2015,SWD,3621,265,2638,72.9,734,20.3,192,5.3,57,1.6,249,6.9
9,3,2013,Not SWD,2380,285,1092,45.9,892,37.5,311,13.1,85,3.6,396,16.6
9,3,2013,SWD,668,264,486,72.8,138,20.7,37,5.5,7,1.0,44,6.6
9,3,2014,Not SWD,2324,288,948,40.8,878,37.8,388,16.7,110,4.7,498,21.4
9,3,2014,SWD,715,270,456,63.8,189,26.4,53,7.4,17,2.4,70,9.8
9,3,2015,Not SWD,2283,291,921,40.3,824,36.1,391,17.1,147,6.4,538,23.6
9,3,2015,SWD,751,266,536,71.4,152,20.2,50,6.7,13,1.7,63,8.4
9,4,2013,Not SWD,2162,285,997,46.1,800,37.0,277,12.8,88,4.1,365,16.9
9,4,2013,SWD,689,265,477,69.2,177,25.7,23,3.3,12,1.7,35,5.1
9,4,2014,Not SWD,2133,289,875,41.0,807,37.8,317,14.9,134,6.3,451,21.1
9,4,2014,SWD,737,262,537,72.9,151,20.5,38,5.2,11,1.5,49,6.6
9,4,2015,Not SWD,2198,286,949,43.2,807,36.7,326,14.8,116,5.3,442,20.1
9,4,2015,SWD,791,262,562,71.0,188,23.8,34,4.3,7,0.9,41,5.2
9,5,2013,Not SWD,2115,288,1173,55.5,605,28.6,284,13.4,53,2.5,337,15.9
9,5,2013,SWD,654,263,542,82.9,96,14.7,16,2.4,0,0.0,16,2.4
9,5,2014,Not SWD,2012,295,886,44.0,670,33.3,324,16.1,132,6.6,456,22.7
9,5,2014,SWD,740,270,538,72.7,152,20.5,38,5.1,12,1.6,50,6.8
9,5,2015,Not SWD,1979,297,812,41.0,670,33.9,392,19.8,105,5.3,497,25.1
9,5,2015,SWD,780,268,587,75.3,145,18.6,37,4.7,11,1.4,48,6.2
9,6,2013,Not SWD,2256,287,973,43.1,933,41.4,245,10.9,105,4.7,350,15.5
9,6,2013,SWD,653,259,496,76.0,137,21.0,15,2.3,5,0.8,20,3.1
9,6,2014,Not SWD,2163,288,943,43.6,803,37.1,253,11.7,164,7.6,417,19.3
9,6,2014,SWD,707,259,530,75.0,149,21.1,19,2.7,9,1.3,28,4.0
9,6,2015,Not SWD,2011,290,830,41.3,734,36.5,286,14.2,161,8.0,447,22.2
9,6,2015,SWD,741,259,559,75.4,154,20.8,23,3.1,5,0.7,28,3.8
9,7,2013,Not SWD,2347,284,1370,58.4,687,29.3,244,10.4,46,2.0,290,12.4
9,7,2013,SWD,652,260,551,84.5,82,12.6,17,2.6,2,0.3,19,2.9
9,7,2014,Not SWD,2169,289,1141,52.6,716,33.0,259,11.9,53,2.4,312,14.4
9,7,2014,SWD,687,263,567,82.5,105,15.3,13,1.9,2,0.3,15,2.2
9,7,2015,Not SWD,2147,291,1035,48.2,745,34.7,291,13.6,76,3.5,367,17.1
9,7,2015,SWD,676,264,537,79.4,117,17.3,21,3.1,1,0.1,22,3.3
9,8,2013,Not SWD,2371,286,1151,48.5,888,37.5,281,11.9,51,2.2,332,14.0
9,8,2013,SWD,614,258,502,81.8,100,16.3,12,2.0,0,0.0,12,2.0
9,8,2014,Not SWD,2036,287,988,48.5,708,34.8,262,12.9,78,3.8,340,16.7
9,8,2014,SWD,661,257,530,80.2,105,15.9,25,3.8,1,0.2,26,3.9
9,8,2015,Not SWD,1957,287,925,47.3,729,37.3,207,10.6,96,4.9,303,15.5
9,8,2015,SWD,643,256,512,79.6,113,17.6,15,2.3,3,0.5,18,2.8
9,All Grades,2013,Not SWD,13631,286,6756,49.6,4805,35.3,1642,12.0,428,3.1,2070,15.2
9,All Grades,2013,SWD,3930,262,3054,77.7,730,18.6,120,3.1,26,0.7,146,3.7
9,All Grades,2014,Not SWD,12837,289,5781,45.0,4582,35.7,1803,14.0,671,5.2,2474,19.3
9,All Grades,2014,SWD,4247,264,3158,74.4,851,20.0,186,4.4,52,1.2,238,5.6
9,All Grades,2015,Not SWD,12575,290,5472,43.5,4509,35.9,1893,15.1,701,5.6,2594,20.6
9,All Grades,2015,SWD,4382,263,3293,75.1,869,19.8,180,4.1,40,0.9,220,5.0
10,3,2013,Not SWD,3314,295,1183,35.7,1323,39.9,560,16.9,248,7.5,808,24.4
10,3,2013,SWD,878,274,531,60.5,271,30.9,64,7.3,12,1.4,76,8.7
10,3,2014,Not SWD,3302,297,1080,32.7,1186,35.9,737,22.3,299,9.1,1036,31.4
10,3,2014,SWD,996,273,613,61.5,252,25.3,99,9.9,32,3.2,131,13.2
10,3,2015,Not SWD,3367,297,1125,33.4,1248,37.1,649,19.3,345,10.2,994,29.5
10,3,2015,SWD,980,272,634,64.7,253,25.8,67,6.8,26,2.7,93,9.5
10,4,2013,Not SWD,3196,296,1015,31.8,1231,38.5,680,21.3,270,8.4,950,29.7
10,4,2013,SWD,939,269,592,63.0,259,27.6,76,8.1,12,1.3,88,9.4
10,4,2014,Not SWD,3097,299,949,30.6,1135,36.6,636,20.5,377,12.2,1013,32.7
10,4,2014,SWD,1048,272,632,60.3,279,26.6,108,10.3,29,2.8,137,13.1
10,4,2015,Not SWD,3167,298,987,31.2,1134,35.8,669,21.1,377,11.9,1046,33.0
10,4,2015,SWD,1088,270,671,61.7,290,26.7,96,8.8,31,2.8,127,11.7
10,5,2013,Not SWD,3036,293,1472,48.5,913,30.1,516,17.0,135,4.4,651,21.4
10,5,2013,SWD,896,268,696,77.7,152,17.0,42,4.7,6,0.7,48,5.4
10,5,2014,Not SWD,3087,301,1176,38.1,1002,32.5,632,20.5,277,9.0,909,29.4
10,5,2014,SWD,1007,273,698,69.3,227,22.5,68,6.8,14,1.4,82,8.1
10,5,2015,Not SWD,3000,300,1126,37.5,985,32.8,629,21.0,260,8.7,889,29.6
10,5,2015,SWD,1057,276,712,67.4,232,21.9,95,9.0,18,1.7,113,10.7
10,6,2013,Not SWD,2904,293,1014,34.9,1254,43.2,456,15.7,180,6.2,636,21.9
10,6,2013,SWD,937,265,655,69.9,252,26.9,23,2.5,7,0.7,30,3.2
10,6,2014,Not SWD,2865,295,992,34.6,1152,40.2,443,15.5,278,9.7,721,25.2
10,6,2014,SWD,954,263,683,71.6,222,23.3,38,4.0,11,1.2,49,5.1
10,6,2015,Not SWD,2858,296,975,34.1,1113,38.9,462,16.2,308,10.8,770,26.9
10,6,2015,SWD,935,263,672,71.9,212,22.7,40,4.3,11,1.2,51,5.5
10,7,2013,Not SWD,3110,291,1556,50.0,1046,33.6,399,12.8,109,3.5,508,16.3
10,7,2013,SWD,894,262,742,83.0,134,15.0,18,2.0,0,0.0,18,2.0
10,7,2014,Not SWD,2792,296,1206,43.2,1020,36.5,473,16.9,93,3.3,566,20.3
10,7,2014,SWD,952,268,764,80.3,152,16.0,33,3.5,3,0.3,36,3.8
10,7,2015,Not SWD,2808,296,1129,40.2,1073,38.2,449,16.0,157,5.6,606,21.6
10,7,2015,SWD,902,264,714,79.2,161,17.8,23,2.5,4,0.4,27,3.0
10,8,2013,Not SWD,3075,293,1203,39.1,1331,43.3,431,14.0,110,3.6,541,17.6
10,8,2013,SWD,852,265,634,74.4,187,21.9,30,3.5,1,0.1,31,3.6
10,8,2014,Not SWD,2850,291,1122,39.4,1225,43.0,410,14.4,93,3.3,503,17.6
10,8,2014,SWD,893,263,658,73.7,205,23.0,26,2.9,4,0.4,30,3.4
10,8,2015,Not SWD,2458,291,1002,40.8,1030,41.9,310,12.6,116,4.7,426,17.3
10,8,2015,SWD,900,264,679,75.4,182,20.2,31,3.4,8,0.9,39,4.3
10,All Grades,2013,Not SWD,18635,294,7443,39.9,7098,38.1,3042,16.3,1052,5.6,4094,22.0
10,All Grades,2013,SWD,5396,267,3850,71.3,1255,23.3,253,4.7,38,0.7,291,5.4
10,All Grades,2014,Not SWD,17993,297,6525,36.3,6720,37.3,3331,18.5,1417,7.9,4748,26.4
10,All Grades,2014,SWD,5850,269,4048,69.2,1337,22.9,372,6.4,93,1.6,465,7.9
10,All Grades,2015,Not SWD,17658,297,6344,35.9,6583,37.3,3168,17.9,1563,8.9,4731,26.8
10,All Grades,2015,SWD,5862,268,4082,69.6,1330,22.7,352,6.0,98,1.7,450,7.7
11,3,2013,Not SWD,2702,296,940,34.8,1044,38.6,506,18.7,212,7.8,718,26.6
11,3,2013,SWD,554,271,355,64.1,143,25.8,41,7.4,15,2.7,56,10.1
11,3,2014,Not SWD,2639,300,731,27.7,1030,39.0,632,23.9,246,9.3,878,33.3
11,3,2014,SWD,658,276,369,56.1,203,30.9,69,10.5,17,2.6,86,13.1
11,3,2015,Not SWD,2540,299,744,29.3,981,38.6,531,20.9,284,11.2,815,32.1
11,3,2015,SWD,679,275,419,61.7,181,26.7,57,8.4,22,3.2,79,11.6
11,4,2013,Not SWD,2477,298,699,28.2,1075,43.4,492,19.9,211,8.5,703,28.4
11,4,2013,SWD,627,269,405,64.6,177,28.2,36,5.7,9,1.4,45,7.2
11,4,2014,Not SWD,2504,305,616,24.6,915,36.5,630,25.2,343,13.7,973,38.9
11,4,2014,SWD,683,271,432,63.3,185,27.1,53,7.8,13,1.9,66,9.7
11,4,2015,Not SWD,2547,300,712,28.0,991,38.9,545,21.4,299,11.7,844,33.1
11,4,2015,SWD,744,269,469,63.0,199,26.7,62,8.3,14,1.9,76,10.2
11,5,2013,Not SWD,2571,298,1093,42.5,825,32.1,481,18.7,172,6.7,653,25.4
11,5,2013,SWD,608,267,464,76.3,112,18.4,26,4.3,6,1.0,32,5.3
11,5,2014,Not SWD,2432,306,736,30.3,891,36.6,550,22.6,255,10.5,805,33.1
11,5,2014,SWD,712,275,510,71.6,164,23.0,32,4.5,6,0.8,38,5.3
11,5,2015,Not SWD,2354,308,659,28.0,805,34.2,644,27.4,246,10.5,890,37.8
11,5,2015,SWD,737,273,525,71.2,131,17.8,72,9.8,9,1.2,81,11.0
11,6,2013,Not SWD,2493,298,760,30.5,1113,44.6,377,15.1,243,9.7,620,24.9
11,6,2013,SWD,699,264,495,70.8,178,25.5,20,2.9,6,0.9,26,3.7
11,6,2014,Not SWD,2355,302,641,27.2,952,40.4,452,19.2,310,13.2,762,32.4
11,6,2014,SWD,674,265,460,68.2,177,26.3,24,3.6,13,1.9,37,5.5
11,6,2015,Not SWD,2276,302,650,28.6,884,38.8,416,18.3,326,14.3,742,32.6
11,6,2015,SWD,661,263,474,71.7,157,23.8,26,3.9,4,0.6,30,4.5
11,7,2013,Not SWD,2489,295,1116,44.8,893,35.9,382,15.3,98,3.9,480,19.3
11,7,2013,SWD,638,263,518,81.2,111,17.4,7,1.1,2,0.3,9,1.4
11,7,2014,Not SWD,2444,300,958,39.2,934,38.2,412,16.9,140,5.7,552,22.6
11,7,2014,SWD,777,267,632,81.3,125,16.1,19,2.4,1,0.1,20,2.6
11,7,2015,Not SWD,2348,302,789,33.6,871,37.1,499,21.3,189,8.0,688,29.3
11,7,2015,SWD,692,267,520,75.1,144,20.8,23,3.3,5,0.7,28,4.0
11,8,2013,Not SWD,2493,293,978,39.2,1071,43.0,342,13.7,102,4.1,444,17.8
11,8,2013,SWD,641,256,540,84.2,92,14.4,8,1.2,1,0.2,9,1.4
11,8,2014,Not SWD,2009,289,853,42.5,897,44.6,220,11.0,39,1.9,259,12.9
11,8,2014,SWD,655,263,489,74.7,147,22.4,19,2.9,0,0.0,19,2.9
11,8,2015,Not SWD,2260,294,900,39.8,915,40.5,305,13.5,140,6.2,445,19.7
11,8,2015,SWD,732,260,597,81.6,121,16.5,12,1.6,2,0.3,14,1.9
11,All Grades,2013,Not SWD,15225,296,5586,36.7,6021,39.5,2580,16.9,1038,6.8,3618,23.8
11,All Grades,2013,SWD,3767,265,2777,73.7,813,21.6,138,3.7,39,1.0,177,4.7
11,All Grades,2014,Not SWD,14383,301,4535,31.5,5619,39.1,2896,20.1,1333,9.3,4229,29.4
11,All Grades,2014,SWD,4159,269,2892,69.5,1001,24.1,216,5.2,50,1.2,266,6.4
11,All Grades,2015,Not SWD,14325,301,4454,31.1,5447,38.0,2940,20.5,1484,10.4,4424,30.9
11,All Grades,2015,SWD,4245,268,3004,70.8,933,22.0,252,5.9,56,1.3,308,7.3
12,3,2013,Not SWD,1499,286,698,46.6,569,38.0,167,11.1,65,4.3,232,15.5
12,3,2013,SWD,381,265,265,69.6,77,20.2,28,7.3,11,2.9,39,10.2
12,3,2014,Not SWD,1589,286,712,44.8,596,37.5,212,13.3,69,4.3,281,17.7
12,3,2014,SWD,424,265,303,71.5,95,22.4,23,5.4,3,0.7,26,6.1
12,3,2015,Not SWD,1400,287,662,47.3,474,33.9,197,14.1,67,4.8,264,18.9
12,3,2015,SWD,477,265,338,70.9,105,22.0,26,5.5,8,1.7,34,7.1
12,4,2013,Not SWD,1392,285,626,45.0,544,39.1,173,12.4,49,3.5,222,15.9
12,4,2013,SWD,413,261,303,73.4,91,22.0,18,4.4,1,0.2,19,4.6
12,4,2014,Not SWD,1377,287,613,44.5,480,34.9,190,13.8,94,6.8,284,20.6
12,4,2014,SWD,443,262,310,70.0,99,22.3,28,6.3,6,1.4,34,7.7
12,4,2015,Not SWD,1494,284,679,45.4,524,35.1,209,14.0,82,5.5,291,19.5
12,4,2015,SWD,467,260,342,73.2,104,22.3,19,4.1,2,0.4,21,4.5
12,5,2013,Not SWD,1365,284,868,63.6,354,25.9,129,9.5,14,1.0,143,10.5
12,5,2013,SWD,444,258,383,86.3,50,11.3,9,2.0,2,0.5,11,2.5
12,5,2014,Not SWD,1338,291,655,49.0,434,32.4,210,15.7,39,2.9,249,18.6
12,5,2014,SWD,436,265,342,78.4,80,18.3,9,2.1,5,1.1,14,3.2
12,5,2015,Not SWD,1261,291,626,49.6,400,31.7,178,14.1,57,4.5,235,18.6
12,5,2015,SWD,468,263,375,80.1,67,14.3,21,4.5,5,1.1,26,5.6
12,6,2013,Not SWD,1354,287,585,43.2,589,43.5,131,9.7,49,3.6,180,13.3
12,6,2013,SWD,433,261,329,76.0,93,21.5,11,2.5,0,0.0,11,2.5
12,6,2014,Not SWD,1274,286,566,44.4,499,39.2,144,11.3,65,5.1,209,16.4
12,6,2014,SWD,446,258,344,77.1,90,20.2,7,1.6,5,1.1,12,2.7
12,6,2015,Not SWD,1233,288,526,42.7,469,38.0,171,13.9,67,5.4,238,19.3
12,6,2015,SWD,459,257,362,78.9,77,16.8,15,3.3,5,1.1,20,4.4
12,7,2013,Not SWD,1341,285,775,57.8,421,31.4,132,9.8,13,1.0,145,10.8
12,7,2013,SWD,456,257,395,86.6,57,12.5,4,0.9,0,0.0,4,0.9
12,7,2014,Not SWD,1331,292,635,47.7,478,35.9,181,13.6,37,2.8,218,16.4
12,7,2014,SWD,483,262,409,84.7,67,13.9,6,1.2,1,0.2,7,1.4
12,7,2015,Not SWD,1248,289,644,51.6,394,31.6,168,13.5,42,3.4,210,16.8
12,7,2015,SWD,456,260,379,83.1,69,15.1,8,1.8,0,0.0,8,1.8
12,8,2013,Not SWD,1366,291,578,42.3,572,41.9,174,12.7,42,3.1,216,15.8
12,8,2013,SWD,433,259,352,81.3,73,16.9,7,1.6,1,0.2,8,1.8
12,8,2014,Not SWD,1208,290,514,42.5,485,40.1,166,13.7,43,3.6,209,17.3
12,8,2014,SWD,443,258,347,78.3,87,19.6,9,2.0,0,0.0,9,2.0
12,8,2015,Not SWD,1244,290,525,42.2,533,42.8,135,10.9,51,4.1,186,15.0
12,8,2015,SWD,440,258,356,80.9,74,16.8,8,1.8,2,0.5,10,2.3
12,All Grades,2013,Not SWD,8317,286,4130,49.7,3049,36.7,906,10.9,232,2.8,1138,13.7
12,All Grades,2013,SWD,2560,260,2027,79.2,441,17.2,77,3.0,15,0.6,92,3.6
12,All Grades,2014,Not SWD,8117,289,3695,45.5,2972,36.6,1103,13.6,347,4.3,1450,17.9
12,All Grades,2014,SWD,2675,262,2055,76.8,518,19.4,82,3.1,20,0.7,102,3.8
12,All Grades,2015,Not SWD,7880,288,3662,46.5,2794,35.5,1058,13.4,366,4.6,1424,18.1
12,All Grades,2015,SWD,2767,261,2152,77.8,496,17.9,97,3.5,22,0.8,119,4.3
13,3,2013,Not SWD,919,300,318,34.6,287,31.2,183,19.9,131,14.3,314,34.2
13,3,2013,SWD,213,272,132,62.0,52,24.4,18,8.5,11,5.2,29,13.6
13,3,2014,Not SWD,834,303,249,29.9,256,30.7,197,23.6,132,15.8,329,39.4
13,3,2014,SWD,244,276,145,59.4,58,23.8,30,12.3,11,4.5,41,16.8
13,3,2015,Not SWD,845,304,259,30.7,228,27.0,193,22.8,165,19.5,358,42.4
13,3,2015,SWD,217,272,146,67.3,38,17.5,19,8.8,14,6.5,33,15.2
13,4,2013,Not SWD,848,299,258,30.4,300,35.4,193,22.8,97,11.4,290,34.2
13,4,2013,SWD,201,270,127,63.2,52,25.9,15,7.5,7,3.5,22,10.9
13,4,2014,Not SWD,796,304,225,28.3,256,32.2,175,22.0,140,17.6,315,39.6
13,4,2014,SWD,243,270,150,61.7,65,26.7,19,7.8,9,3.7,28,11.5
13,4,2015,Not SWD,746,303,219,29.4,251,33.6,131,17.6,145,19.4,276,37.0
13,4,2015,SWD,228,267,156,68.4,46,20.2,20,8.8,6,2.6,26,11.4
13,5,2013,Not SWD,807,300,327,40.5,254,31.5,167,20.7,59,7.3,226,28.0
13,5,2013,SWD,188,270,148,78.7,27,14.4,9,4.8,4,2.1,13,6.9
13,5,2014,Not SWD,730,307,232,31.8,223,30.5,175,24.0,100,13.7,275,37.7
13,5,2014,SWD,200,273,141,70.5,32,16.0,21,10.5,6,3.0,27,13.5
13,5,2015,Not SWD,693,310,190,27.4,205,29.6,190,27.4,108,15.6,298,43.0
13,5,2015,SWD,215,277,137,63.7,51,23.7,21,9.8,6,2.8,27,12.6
13,6,2013,Not SWD,753,291,279,37.1,350,46.5,89,11.8,35,4.6,124,16.5
13,6,2013,SWD,174,261,132,75.9,36,20.7,5,2.9,1,0.6,6,3.4
13,6,2014,Not SWD,628,295,202,32.2,274,43.6,99,15.8,53,8.4,152,24.2
13,6,2014,SWD,175,261,126,72.0,40,22.9,7,4.0,2,1.1,9,5.1
13,6,2015,Not SWD,518,288,218,42.1,206,39.8,59,11.4,35,6.8,94,18.1
13,6,2015,SWD,180,260,134,74.4,30,16.7,10,5.6,6,3.3,16,8.9
13,7,2013,Not SWD,795,289,431,54.2,274,34.5,78,9.8,12,1.5,90,11.3
13,7,2013,SWD,194,262,168,86.6,16,8.2,9,4.6,1,0.5,10,5.2
13,7,2014,Not SWD,749,291,373,49.8,276,36.8,89,11.9,11,1.5,100,13.4
13,7,2014,SWD,187,267,142,75.9,33,17.6,12,6.4,0,0.0,12,6.4
13,7,2015,Not SWD,574,296,237,41.3,229,39.9,89,15.5,19,3.3,108,18.8
13,7,2015,SWD,174,267,130,74.7,32,18.4,10,5.7,2,1.1,12,6.9
13,8,2013,Not SWD,852,290,384,45.1,353,41.4,98,11.5,17,2.0,115,13.5
13,8,2013,SWD,192,256,154,80.2,29,15.1,7,3.6,2,1.0,9,4.7
13,8,2014,Not SWD,679,286,305,44.9,302,44.5,58,8.5,14,2.1,72,10.6
13,8,2014,SWD,179,260,142,79.3,33,18.4,4,2.2,0,0.0,4,2.2
13,8,2015,Not SWD,507,279,300,59.2,169,33.3,30,5.9,8,1.6,38,7.5
13,8,2015,SWD,170,259,134,78.8,29,17.1,5,2.9,2,1.2,7,4.1
13,All Grades,2013,Not SWD,4974,295,1997,40.1,1818,36.6,808,16.2,351,7.1,1159,23.3
13,All Grades,2013,SWD,1162,265,861,74.1,212,18.2,63,5.4,26,2.2,89,7.7
13,All Grades,2014,Not SWD,4416,298,1586,35.9,1587,35.9,793,18.0,450,10.2,1243,28.1
13,All Grades,2014,SWD,1228,269,846,68.9,261,21.3,93,7.6,28,2.3,121,9.9
13,All Grades,2015,Not SWD,3883,298,1423,36.6,1288,33.2,692,17.8,480,12.4,1172,30.2
13,All Grades,2015,SWD,1184,267,837,70.7,226,19.1,85,7.2,36,3.0,121,10.2
14,3,2013,Not SWD,1033,303,242,23.4,430,41.6,259,25.1,102,9.9,361,34.9
14,3,2013,SWD,219,277,126,57.5,70,32.0,19,8.7,4,1.8,23,10.5
14,3,2014,Not SWD,937,307,222,23.7,305,32.6,259,27.6,151,16.1,410,43.8
14,3,2014,SWD,218,278,124,56.9,57,26.1,25,11.5,12,5.5,37,17.0
14,3,2015,Not SWD,952,306,243,25.5,315,33.1,238,25.0,156,16.4,394,41.4
14,3,2015,SWD,233,278,138,59.2,64,27.5,18,7.7,13,5.6,31,13.3
14,4,2013,Not SWD,1020,299,292,28.6,404,39.6,219,21.5,105,10.3,324,31.8
14,4,2013,SWD,237,273,140,59.1,61,25.7,30,12.7,6,2.5,36,15.2
14,4,2014,Not SWD,976,309,209,21.4,335,34.3,258,26.4,174,17.8,432,44.3
14,4,2014,SWD,259,271,153,59.1,79,30.5,21,8.1,6,2.3,27,10.4
14,4,2015,Not SWD,868,308,170,19.6,306,35.3,236,27.2,156,18.0,392,45.2
14,4,2015,SWD,236,273,128,54.2,75,31.8,30,12.7,3,1.3,33,14.0
14,5,2013,Not SWD,972,298,411,42.3,313,32.2,187,19.2,61,6.3,248,25.5
14,5,2013,SWD,234,272,155,66.2,49,20.9,29,12.4,1,0.4,30,12.8
14,5,2014,Not SWD,908,311,231,25.4,306,33.7,239,26.3,132,14.5,371,40.9
14,5,2014,SWD,246,280,148,60.2,59,24.0,24,9.8,15,6.1,39,15.9
14,5,2015,Not SWD,842,313,186,22.1,276,32.8,257,30.5,123,14.6,380,45.1
14,5,2015,SWD,261,278,166,63.6,55,21.1,31,11.9,9,3.4,40,15.3
14,6,2013,Not SWD,1021,293,342,33.5,502,49.2,105,10.3,72,7.1,177,17.3
14,6,2013,SWD,229,262,170,74.2,53,23.1,6,2.6,0,0.0,6,2.6
14,6,2014,Not SWD,956,294,339,35.5,405,42.4,130,13.6,82,8.6,212,22.2
14,6,2014,SWD,245,262,182,74.3,53,21.6,8,3.3,2,0.8,10,4.1
14,6,2015,Not SWD,960,297,339,35.3,377,39.3,152,15.8,92,9.6,244,25.4
14,6,2015,SWD,243,263,176,72.4,58,23.9,5,2.1,4,1.6,9,3.7
14,7,2013,Not SWD,1068,296,485,45.4,349,32.7,179,16.8,55,5.1,234,21.9
14,7,2013,SWD,239,262,203,84.9,30,12.6,5,2.1,1,0.4,6,2.5
14,7,2014,Not SWD,1025,301,380,37.1,380,37.1,199,19.4,66,6.4,265,25.9
14,7,2014,SWD,227,267,174,76.7,45,19.8,7,3.1,1,0.4,8,3.5
14,7,2015,Not SWD,916,300,320,34.9,354,38.6,174,19.0,68,7.4,242,26.4
14,7,2015,SWD,242,267,176,72.7,55,22.7,10,4.1,1,0.4,11,4.5
14,8,2013,Not SWD,1071,300,309,28.9,497,46.4,197,18.4,68,6.3,265,24.7
14,8,2013,SWD,221,261,171,77.4,42,19.0,8,3.6,0,0.0,8,3.6
14,8,2014,Not SWD,751,290,287,38.2,381,50.7,78,10.4,5,0.7,83,11.1
14,8,2014,SWD,229,265,178,77.7,43,18.8,4,1.7,4,1.7,8,3.5
14,8,2015,Not SWD,698,286,314,45.0,330,47.3,49,7.0,5,0.7,54,7.7
14,8,2015,SWD,213,260,161,75.6,47,22.1,5,2.3,0,0.0,5,2.3
14,All Grades,2013,Not SWD,6185,298,2081,33.6,2495,40.3,1146,18.5,463,7.5,1609,26.0
14,All Grades,2013,SWD,1379,268,965,70.0,305,22.1,97,7.0,12,0.9,109,7.9
14,All Grades,2014,Not SWD,5553,302,1668,30.0,2112,38.0,1163,20.9,610,11.0,1773,31.9
14,All Grades,2014,SWD,1424,270,959,67.3,336,23.6,89,6.3,40,2.8,129,9.1
14,All Grades,2015,Not SWD,5236,302,1572,30.0,1958,37.4,1106,21.1,600,11.5,1706,32.6
14,All Grades,2015,SWD,1428,270,945,66.2,354,24.8,99,6.9,30,2.1,129,9.0
15,3,2013,Not SWD,2287,316,349,15.3,751,32.8,655,28.6,532,23.3,1187,51.9
15,3,2013,SWD,458,288,201,43.9,155,33.8,68,14.8,34,7.4,102,22.3
15,3,2014,Not SWD,2216,319,303,13.7,599,27.0,719,32.4,595,26.9,1314,59.3
15,3,2014,SWD,525,293,203,38.7,154,29.3,100,19.0,68,13.0,168,32.0
15,3,2015,Not SWD,2096,320,298,14.2,515,24.6,637,30.4,646,30.8,1283,61.2
15,3,2015,SWD,465,293,185,39.8,132,28.4,95,20.4,53,11.4,148,31.8
15,4,2013,Not SWD,2038,316,311,15.3,624,30.6,592,29.0,511,25.1,1103,54.1
15,4,2013,SWD,502,285,241,48.0,145,28.9,70,13.9,46,9.2,116,23.1
15,4,2014,Not SWD,2100,323,288,13.7,551,26.2,595,28.3,666,31.7,1261,60.0
15,4,2014,SWD,499,291,213,42.7,147,29.5,80,16.0,59,11.8,139,27.9
15,4,2015,Not SWD,2007,321,287,14.3,503,25.1,572,28.5,645,32.1,1217,60.6
15,4,2015,SWD,486,286,222,45.7,141,29.0,78,16.0,45,9.3,123,25.3
15,5,2013,Not SWD,1962,312,539,27.5,572,29.2,541,27.6,310,15.8,851,43.4
15,5,2013,SWD,450,283,275,61.1,112,24.9,43,9.6,20,4.4,63,14.0
15,5,2014,Not SWD,1814,323,294,16.2,452,24.9,576,31.8,492,27.1,1068,58.9
15,5,2014,SWD,481,291,252,52.4,113,23.5,70,14.6,46,9.6,116,24.1
15,5,2015,Not SWD,1732,325,267,15.4,425,24.5,550,31.8,490,28.3,1040,60.0
15,5,2015,SWD,411,288,222,54.0,103,25.1,49,11.9,37,9.0,86,20.9
15,6,2013,Not SWD,1377,312,223,16.2,524,38.1,347,25.2,283,20.6,630,45.8
15,6,2013,SWD,363,273,217,59.8,115,31.7,25,6.9,6,1.7,31,8.5
15,6,2014,Not SWD,1322,315,199,15.1,484,36.6,298,22.5,341,25.8,639,48.3
15,6,2014,SWD,408,275,229,56.1,142,34.8,21,5.1,16,3.9,37,9.1
15,6,2015,Not SWD,1238,325,138,11.1,329,26.6,346,27.9,425,34.3,771,62.3
15,6,2015,SWD,389,281,198,50.9,128,32.9,41,10.5,22,5.7,63,16.2
15,7,2013,Not SWD,1298,311,333,25.7,464,35.7,332,25.6,169,13.0,501,38.6
15,7,2013,SWD,384,276,261,68.0,89,23.2,25,6.5,9,2.3,34,8.9
15,7,2014,Not SWD,1315,318,261,19.8,399,30.3,397,30.2,258,19.6,655,49.8
15,7,2014,SWD,366,279,244,66.7,79,21.6,34,9.3,9,2.5,43,11.7
15,7,2015,Not SWD,1261,322,213,16.9,367,29.1,383,30.4,298,23.6,681,54.0
15,7,2015,SWD,374,283,224,59.9,99,26.5,41,11.0,10,2.7,51,13.6
15,8,2013,Not SWD,1259,308,261,20.7,537,42.7,347,27.6,114,9.1,461,36.6
15,8,2013,SWD,357,273,226,63.3,106,29.7,20,5.6,5,1.4,25,7.0
15,8,2014,Not SWD,890,302,210,23.6,450,50.6,196,22.0,34,3.8,230,25.8
15,8,2014,SWD,342,274,206,60.2,114,33.3,16,4.7,6,1.8,22,6.4
15,8,2015,Not SWD,750,301,194,25.9,374,49.9,146,19.5,36,4.8,182,24.3
15,8,2015,SWD,311,271,205,65.9,85,27.3,18,5.8,3,1.0,21,6.8
15,All Grades,2013,Not SWD,10221,313,2016,19.7,3472,34.0,2814,27.5,1919,18.8,4733,46.3
15,All Grades,2013,SWD,2514,280,1421,56.5,722,28.7,251,10.0,120,4.8,371,14.8
15,All Grades,2014,Not SWD,9657,318,1555,16.1,2935,30.4,2781,28.8,2386,24.7,5167,53.5
15,All Grades,2014,SWD,2621,285,1347,51.4,749,28.6,321,12.2,204,7.8,525,20.0
15,All Grades,2015,Not SWD,9084,321,1397,15.4,2513,27.7,2634,29.0,2540,28.0,5174,57.0
15,All Grades,2015,SWD,2436,284,1256,51.6,688,28.2,322,13.2,170,7.0,492,20.2
16,3,2013,Not SWD,570,288,244,42.8,233,40.9,74,13.0,19,3.3,93,16.3
16,3,2013,SWD,178,268,110,61.8,57,32.0,9,5.1,2,1.1,11,6.2
16,3,2014,Not SWD,520,292,188,36.2,208,40.0,96,18.5,28,5.4,124,23.8
16,3,2014,SWD,204,270,134,65.7,47,23.0,17,8.3,6,2.9,23,11.3
16,3,2015,Not SWD,445,298,137,30.8,183,41.1,76,17.1,49,11.0,125,28.1
16,3,2015,SWD,184,273,115,62.5,49,26.6,16,8.7,4,2.2,20,10.9
16,4,2013,Not SWD,554,298,176,31.8,207,37.4,126,22.7,45,8.1,171,30.9
16,4,2013,SWD,203,268,134,66.0,51,25.1,14,6.9,4,2.0,18,8.9
16,4,2014,Not SWD,483,295,173,35.8,178,36.9,85,17.6,47,9.7,132,27.3
16,4,2014,SWD,219,264,144,65.8,66,30.1,8,3.7,1,0.5,9,4.1
16,4,2015,Not SWD,443,296,124,28.0,191,43.1,93,21.0,35,7.9,128,28.9
16,4,2015,SWD,204,264,146,71.6,42,20.6,16,7.8,0,0.0,16,7.8
16,5,2013,Not SWD,542,297,226,41.7,195,36.0,104,19.2,17,3.1,121,22.3
16,5,2013,SWD,198,266,159,80.3,31,15.7,8,4.0,0,0.0,8,4.0
16,5,2014,Not SWD,412,298,177,43.0,148,35.9,67,16.3,20,4.9,87,21.1
16,5,2014,SWD,210,267,166,79.0,32,15.2,8,3.8,4,1.9,12,5.7
16,5,2015,Not SWD,390,297,161,41.3,145,37.2,74,19.0,10,2.6,84,21.5
16,5,2015,SWD,188,272,136,72.3,41,21.8,11,5.9,0,0.0,11,5.9
16,6,2013,Not SWD,412,283,210,51.0,161,39.1,33,8.0,8,1.9,41,10.0
16,6,2013,SWD,198,257,163,82.3,30,15.2,3,1.5,2,1.0,5,2.5
16,6,2014,Not SWD,361,289,161,44.6,144,39.9,42,11.6,14,3.9,56,15.5
16,6,2014,SWD,179,261,145,81.0,25,14.0,7,3.9,2,1.1,9,5.0
16,6,2015,Not SWD,274,285,120,43.8,110,40.1,37,13.5,7,2.6,44,16.1
16,6,2015,SWD,170,257,133,78.2,27,15.9,10,5.9,0,0.0,10,5.9
16,7,2013,Not SWD,463,284,288,62.2,150,32.4,21,4.5,4,0.9,25,5.4
16,7,2013,SWD,231,259,198,85.7,30,13.0,3,1.3,0,0.0,3,1.3
16,7,2014,Not SWD,388,287,221,57.0,129,33.2,33,8.5,5,1.3,38,9.8
16,7,2014,SWD,193,265,158,81.9,30,15.5,4,2.1,1,0.5,5,2.6
16,7,2015,Not SWD,357,293,154,43.1,153,42.9,39,10.9,11,3.1,50,14.0
16,7,2015,SWD,171,264,137,80.1,27,15.8,5,2.9,2,1.2,7,4.1
16,8,2013,Not SWD,472,283,251,53.2,183,38.8,33,7.0,5,1.1,38,8.1
16,8,2013,SWD,222,255,186,83.8,34,15.3,2,0.9,0,0.0,2,0.9
16,8,2014,Not SWD,436,290,168,38.5,219,50.2,46,10.6,3,0.7,49,11.2
16,8,2014,SWD,247,259,202,81.8,41,16.6,4,1.6,0,0.0,4,1.6
16,8,2015,Not SWD,333,288,167,50.2,119,35.7,34,10.2,13,3.9,47,14.1
16,8,2015,SWD,182,259,142,78.0,31,17.0,8,4.4,1,0.5,9,4.9
16,All Grades,2013,Not SWD,3013,289,1395,46.3,1129,37.5,391,13.0,98,3.3,489,16.2
16,All Grades,2013,SWD,1230,262,950,77.2,233,18.9,39,3.2,8,0.7,47,3.8
16,All Grades,2014,Not SWD,2600,292,1088,41.8,1026,39.5,369,14.2,117,4.5,486,18.7
16,All Grades,2014,SWD,1252,264,949,75.8,241,19.2,48,3.8,14,1.1,62,5.0
16,All Grades,2015,Not SWD,2242,293,863,38.5,901,40.2,353,15.7,125,5.6,478,21.3
16,All Grades,2015,SWD,1099,265,809,73.6,217,19.7,66,6.0,7,0.6,73,6.6
17,3,2013,Not SWD,1450,293,527,36.3,570,39.3,265,18.3,88,6.1,353,24.3
17,3,2013,SWD,295,269,192,65.1,77,26.1,22,7.5,4,1.4,26,8.8
17,3,2014,Not SWD,1329,295,468,35.2,464,34.9,291,21.9,106,8.0,397,29.9
17,3,2014,SWD,350,277,208,59.4,76,21.7,50,14.3,16,4.6,66,18.9
17,3,2015,Not SWD,1281,300,400,31.2,434,33.9,291,22.7,156,12.2,447,34.9
17,3,2015,SWD,348,273,221,63.5,77,22.1,36,10.3,14,4.0,50,14.4
17,4,2013,Not SWD,1420,297,451,31.8,549,38.7,280,19.7,140,9.9,420,29.6
17,4,2013,SWD,373,268,244,65.4,99,26.5,22,5.9,8,2.1,30,8.0
17,4,2014,Not SWD,1228,300,380,30.9,442,36.0,234,19.1,172,14.0,406,33.1
17,4,2014,SWD,353,266,232,65.7,79,22.4,33,9.3,9,2.5,42,11.9
17,4,2015,Not SWD,1258,297,421,33.5,424,33.7,266,21.1,147,11.7,413,32.8
17,4,2015,SWD,343,273,202,58.9,98,28.6,34,9.9,9,2.6,43,12.5
17,5,2013,Not SWD,1353,294,628,46.4,468,34.6,208,15.4,49,3.6,257,19.0
17,5,2013,SWD,317,268,244,77.0,55,17.4,13,4.1,5,1.6,18,5.7
17,5,2014,Not SWD,1248,303,455,36.5,402,32.2,270,21.6,121,9.7,391,31.3
17,5,2014,SWD,368,271,271,73.6,70,19.0,22,6.0,5,1.4,27,7.3
17,5,2015,Not SWD,1084,303,367,33.9,347,32.0,283,26.1,87,8.0,370,34.1
17,5,2015,SWD,311,272,219,70.4,67,21.5,21,6.8,4,1.3,25,8.0
17,6,2013,Not SWD,1614,291,602,37.3,693,42.9,235,14.6,84,5.2,319,19.8
17,6,2013,SWD,328,262,244,74.4,65,19.8,15,4.6,4,1.2,19,5.8
17,6,2014,Not SWD,1422,295,472,33.2,625,44.0,205,14.4,120,8.4,325,22.9
17,6,2014,SWD,352,267,242,68.8,87,24.7,16,4.5,7,2.0,23,6.5
17,6,2015,Not SWD,1318,297,467,35.4,461,35.0,249,18.9,141,10.7,390,29.6
17,6,2015,SWD,327,261,241,73.7,67,20.5,14,4.3,5,1.5,19,5.8
17,7,2013,Not SWD,1663,287,918,55.2,527,31.7,191,11.5,27,1.6,218,13.1
17,7,2013,SWD,347,264,278,80.1,63,18.2,6,1.7,0,0.0,6,1.7
17,7,2014,Not SWD,1460,290,750,51.4,496,34.0,185,12.7,29,2.0,214,14.7
17,7,2014,SWD,363,265,295,81.3,58,16.0,8,2.2,2,0.6,10,2.8
17,7,2015,Not SWD,1335,296,559,41.9,512,38.4,194,14.5,70,5.2,264,19.8
17,7,2015,SWD,354,270,254,71.8,82,23.2,13,3.7,5,1.4,18,5.1
17,8,2013,Not SWD,1789,292,722,40.4,768,42.9,249,13.9,50,2.8,299,16.7
17,8,2013,SWD,339,258,276,81.4,58,17.1,4,1.2,1,0.3,5,1.5
17,8,2014,Not SWD,1337,288,602,45.0,534,39.9,172,12.9,29,2.2,201,15.0
17,8,2014,SWD,347,264,259,74.6,72,20.7,14,4.0,2,0.6,16,4.6
17,8,2015,Not SWD,1393,292,601,43.1,549,39.4,177,12.7,66,4.7,243,17.4
17,8,2015,SWD,350,256,291,83.1,52,14.9,6,1.7,1,0.3,7,2.0
17,All Grades,2013,Not SWD,9289,292,3848,41.4,3575,38.5,1428,15.4,438,4.7,1866,20.1
17,All Grades,2013,SWD,1999,265,1478,73.9,417,20.9,82,4.1,22,1.1,104,5.2
17,All Grades,2014,Not SWD,8024,295,3127,39.0,2963,36.9,1357,16.9,577,7.2,1934,24.1
17,All Grades,2014,SWD,2133,268,1507,70.7,442,20.7,143,6.7,41,1.9,184,8.6
17,All Grades,2015,Not SWD,7669,297,2815,36.7,2727,35.6,1460,19.0,667,8.7,2127,27.7
17,All Grades,2015,SWD,2033,268,1428,70.2,443,21.8,124,6.1,38,1.9,162,8.0
18,3,2013,Not SWD,1189,294,431,36.2,463,38.9,218,18.3,77,6.5,295,24.8
18,3,2013,SWD,211,269,146,69.2,48,22.7,15,7.1,2,0.9,17,8.1
18,3,2014,Not SWD,1172,296,407,34.7,425,36.3,255,21.8,85,7.3,340,29.0
18,3,2014,SWD,267,270,177,66.3,61,22.8,26,9.7,3,1.1,29,10.9
18,3,2015,Not SWD,1061,299,325,30.6,397,37.4,239,22.5,100,9.4,339,32.0
18,3,2015,SWD,209,274,133,63.6,48,23.0,24,11.5,4,1.9,28,13.4
18,4,2013,Not SWD,1279,295,418,32.7,527,41.2,257,20.1,77,6.0,334,26.1
18,4,2013,SWD,260,265,187,71.9,62,23.8,9,3.5,2,0.8,11,4.2
18,4,2014,Not SWD,1121,296,382,34.1,394,35.1,240,21.4,105,9.4,345,30.8
18,4,2014,SWD,256,263,181,70.7,62,24.2,11,4.3,2,0.8,13,5.1
18,4,2015,Not SWD,1148,296,363,31.6,451,39.3,226,19.7,108,9.4,334,29.1
18,4,2015,SWD,275,266,190,69.1,65,23.6,15,5.5,5,1.8,20,7.3
18,5,2013,Not SWD,1280,297,544,42.5,456,35.6,227,17.7,53,4.1,280,21.9
18,5,2013,SWD,263,272,198,75.3,54,20.5,11,4.2,0,0.0,11,4.2
18,5,2014,Not SWD,1087,304,389,35.8,350,32.2,241,22.2,107,9.8,348,32.0
18,5,2014,SWD,255,265,200,78.4,40,15.7,11,4.3,4,1.6,15,5.9
18,5,2015,Not SWD,959,304,304,31.7,344,35.9,244,25.4,67,7.0,311,32.4
18,5,2015,SWD,236,268,186,78.8,40,16.9,10,4.2,0,0.0,10,4.2
18,6,2013,Not SWD,1118,295,382,34.2,481,43.0,174,15.6,81,7.2,255,22.8
18,6,2013,SWD,281,266,200,71.2,73,26.0,8,2.8,0,0.0,8,2.8
18,6,2014,Not SWD,1096,294,404,36.9,414,37.8,184,16.8,94,8.6,278,25.4
18,6,2014,SWD,278,268,191,68.7,74,26.6,10,3.6,3,1.1,13,4.7
18,6,2015,Not SWD,952,296,337,35.4,383,40.2,148,15.5,84,8.8,232,24.4
18,6,2015,SWD,241,259,184,76.3,47,19.5,7,2.9,3,1.2,10,4.1
18,7,2013,Not SWD,1204,291,604,50.2,388,32.2,168,14.0,44,3.7,212,17.6
18,7,2013,SWD,261,263,215,82.4,41,15.7,5,1.9,0,0.0,5,1.9
18,7,2014,Not SWD,1106,297,448,40.5,428,38.7,180,16.3,50,4.5,230,20.8
18,7,2014,SWD,261,267,217,83.1,38,14.6,6,2.3,0,0.0,6,2.3
18,7,2015,Not SWD,1062,300,397,37.4,415,39.1,174,16.4,76,7.2,250,23.5
18,7,2015,SWD,279,266,216,77.4,55,19.7,8,2.9,0,0.0,8,2.9
18,8,2013,Not SWD,1239,293,474,38.3,532,42.9,197,15.9,36,2.9,233,18.8
18,8,2013,SWD,247,265,186,75.3,57,23.1,3,1.2,1,0.4,4,1.6
18,8,2014,Not SWD,945,289,389,41.2,450,47.6,90,9.5,16,1.7,106,11.2
18,8,2014,SWD,258,263,199,77.1,54,20.9,4,1.6,1,0.4,5,1.9
18,8,2015,Not SWD,1009,298,343,34.0,456,45.2,160,15.9,50,5.0,210,20.8
18,8,2015,SWD,251,260,198,78.9,46,18.3,6,2.4,1,0.4,7,2.8
18,All Grades,2013,Not SWD,7309,294,2853,39.0,2847,39.0,1241,17.0,368,5.0,1609,22.0
18,All Grades,2013,SWD,1523,266,1132,74.3,335,22.0,51,3.3,5,0.3,56,3.7
18,All Grades,2014,Not SWD,6527,296,2419,37.1,2461,37.7,1190,18.2,457,7.0,1647,25.2
18,All Grades,2014,SWD,1575,266,1165,74.0,329,20.9,68,4.3,13,0.8,81,5.1
18,All Grades,2015,Not SWD,6191,298,2069,33.4,2446,39.5,1191,19.2,485,7.8,1676,27.1
18,All Grades,2015,SWD,1491,265,1107,74.2,301,20.2,70,4.7,13,0.9,83,5.6
19,3,2013,Not SWD,1665,290,670,40.2,647,38.9,262,15.7,86,5.2,348,20.9
19,3,2013,SWD,383,272,243,63.4,104,27.2,30,7.8,6,1.6,36,9.4
19,3,2014,Not SWD,1570,291,643,41.0,570,36.3,243,15.5,114,7.3,357,22.7
19,3,2014,SWD,487,271,306,62.8,121,24.8,49,10.1,11,2.3,60,12.3
19,3,2015,Not SWD,1441,292,538,37.3,535,37.1,267,18.5,101,7.0,368,25.5
19,3,2015,SWD,468,271,314,67.1,100,21.4,41,8.8,13,2.8,54,11.5
19,4,2013,Not SWD,1582,292,565,35.7,644,40.7,267,16.9,106,6.7,373,23.6
19,4,2013,SWD,408,264,286,70.1,100,24.5,19,4.7,3,0.7,22,5.4
19,4,2014,Not SWD,1489,294,560,37.6,509,34.2,272,18.3,148,9.9,420,28.2
19,4,2014,SWD,468,267,314,67.1,109,23.3,34,7.3,11,2.4,45,9.6
19,4,2015,Not SWD,1457,290,556,38.2,535,36.7,243,16.7,123,8.4,366,25.1
19,4,2015,SWD,549,267,364,66.3,133,24.2,34,6.2,18,3.3,52,9.5
19,5,2013,Not SWD,1624,292,806,49.6,505,31.1,253,15.6,60,3.7,313,19.3
19,5,2013,SWD,412,265,330,80.1,63,15.3,19,4.6,0,0.0,19,4.6
19,5,2014,Not SWD,1428,301,542,38.0,466,32.6,290,20.3,130,9.1,420,29.4
19,5,2014,SWD,436,270,315,72.2,91,20.9,27,6.2,3,0.7,30,6.9
19,5,2015,Not SWD,1365,302,483,35.4,443,32.5,317,23.2,122,8.9,439,32.2
19,5,2015,SWD,461,274,314,68.1,102,22.1,41,8.9,4,0.9,45,9.8
19,6,2013,Not SWD,1456,291,601,41.3,579,39.8,168,11.5,108,7.4,276,19.0
19,6,2013,SWD,419,256,342,81.6,65,15.5,10,2.4,2,0.5,12,2.9
19,6,2014,Not SWD,1383,289,558,40.3,556,40.2,192,13.9,77,5.6,269,19.5
19,6,2014,SWD,467,258,361,77.3,90,19.3,14,3.0,2,0.4,16,3.4
19,6,2015,Not SWD,1261,287,561,44.5,471,37.4,150,11.9,79,6.3,229,18.2
19,6,2015,SWD,412,252,336,81.6,69,16.7,5,1.2,2,0.5,7,1.7
19,7,2013,Not SWD,1458,285,821,56.3,441,30.2,156,10.7,40,2.7,196,13.4
19,7,2013,SWD,422,259,372,88.2,41,9.7,8,1.9,1,0.2,9,2.1
19,7,2014,Not SWD,1378,291,715,51.9,421,30.6,190,13.8,52,3.8,242,17.6
19,7,2014,SWD,486,260,418,86.0,57,11.7,10,2.1,1,0.2,11,2.3
19,7,2015,Not SWD,1364,290,647,47.4,482,35.3,191,14.0,44,3.2,235,17.2
19,7,2015,SWD,451,262,362,80.3,83,18.4,6,1.3,0,0.0,6,1.3
19,8,2013,Not SWD,1499,288,697,46.5,562,37.5,187,12.5,53,3.5,240,16.0
19,8,2013,SWD,412,255,345,83.7,59,14.3,8,1.9,0,0.0,8,1.9
19,8,2014,Not SWD,1218,281,686,56.3,433,35.6,87,7.1,12,1.0,99,8.1
19,8,2014,SWD,473,253,409,86.5,61,12.9,2,0.4,1,0.2,3,0.6
19,8,2015,Not SWD,1132,284,586,51.8,406,35.9,113,10.0,27,2.4,140,12.4
19,8,2015,SWD,463,256,384,82.9,74,16.0,4,0.9,1,0.2,5,1.1
19,All Grades,2013,Not SWD,9284,290,4160,44.8,3378,36.4,1293,13.9,453,4.9,1746,18.8
19,All Grades,2013,SWD,2456,262,1918,78.1,432,17.6,94,3.8,12,0.5,106,4.3
19,All Grades,2014,Not SWD,8466,291,3704,43.8,2955,34.9,1274,15.0,533,6.3,1807,21.3
19,All Grades,2014,SWD,2817,263,2123,75.4,529,18.8,136,4.8,29,1.0,165,5.9
19,All Grades,2015,Not SWD,8020,291,3371,42.0,2872,35.8,1281,16.0,496,6.2,1777,22.2
19,All Grades,2015,SWD,2804,264,2074,74.0,561,20.0,131,4.7,38,1.4,169,6.0
20,3,2013,Not SWD,3208,317,465,14.5,973,30.3,946,29.5,824,25.7,1770,55.2
20,3,2013,SWD,494,285,236,47.8,158,32.0,70,14.2,30,6.1,100,20.2
20,3,2014,Not SWD,3248,320,437,13.5,851,26.2,1070,32.9,890,27.4,1960,60.3
20,3,2014,SWD,609,293,223,36.6,194,31.9,133,21.8,59,9.7,192,31.5
20,3,2015,Not SWD,3520,322,437,12.4,935,26.6,1044,29.7,1104,31.4,2148,61.0
20,3,2015,SWD,605,289,264,43.6,206,34.0,82,13.6,53,8.8,135,22.3
20,4,2013,Not SWD,3015,321,352,11.7,859,28.5,939,31.1,865,28.7,1804,59.8
20,4,2013,SWD,506,281,250,49.4,162,32.0,72,14.2,22,4.3,94,18.6
20,4,2014,Not SWD,3141,329,299,9.5,739,23.5,898,28.6,1205,38.4,2103,67.0
20,4,2014,SWD,565,284,274,48.5,164,29.0,80,14.2,47,8.3,127,22.5
20,4,2015,Not SWD,3211,326,352,11.0,741,23.1,955,29.7,1163,36.2,2118,66.0
20,4,2015,SWD,648,287,286,44.1,205,31.6,100,15.4,57,8.8,157,24.2
20,5,2013,Not SWD,2890,322,527,18.2,780,27.0,892,30.9,691,23.9,1583,54.8
20,5,2013,SWD,470,283,277,58.9,128,27.2,49,10.4,16,3.4,65,13.8
20,5,2014,Not SWD,3006,331,329,10.9,688,22.9,930,30.9,1059,35.2,1989,66.2
20,5,2014,SWD,525,289,261,49.7,156,29.7,75,14.3,33,6.3,108,20.6
20,5,2015,Not SWD,3114,332,325,10.4,636,20.4,1029,33.0,1124,36.1,2153,69.1
20,5,2015,SWD,568,289,307,54.0,145,25.5,84,14.8,32,5.6,116,20.4
20,6,2013,Not SWD,2995,318,465,15.5,1022,34.1,625,20.9,883,29.5,1508,50.4
20,6,2013,SWD,430,281,217,50.5,165,38.4,37,8.6,11,2.6,48,11.2
20,6,2014,Not SWD,3065,323,401,13.1,925,30.2,672,21.9,1067,34.8,1739,56.7
20,6,2014,SWD,483,283,229,47.4,178,36.9,41,8.5,35,7.2,76,15.7
20,6,2015,Not SWD,3210,327,386,12.0,879,27.4,722,22.5,1223,38.1,1945,60.6
20,6,2015,SWD,482,283,246,51.0,155,32.2,49,10.2,32,6.6,81,16.8
20,7,2013,Not SWD,3254,318,738,22.7,978,30.1,838,25.8,700,21.5,1538,47.3
20,7,2013,SWD,409,282,243,59.4,114,27.9,40,9.8,12,2.9,52,12.7
20,7,2014,Not SWD,3001,322,531,17.7,862,28.7,853,28.4,755,25.2,1608,53.6
20,7,2014,SWD,445,285,247,55.5,151,33.9,41,9.2,6,1.3,47,10.6
20,7,2015,Not SWD,3143,326,471,15.0,857,27.3,936,29.8,879,28.0,1815,57.7
20,7,2015,SWD,431,284,245,56.8,138,32.0,36,8.4,12,2.8,48,11.1
20,8,2013,Not SWD,3135,319,532,17.0,1048,33.4,863,27.5,692,22.1,1555,49.6
20,8,2013,SWD,428,280,234,54.7,149,34.8,34,7.9,11,2.6,45,10.5
20,8,2014,Not SWD,2861,320,463,16.2,968,33.8,836,29.2,594,20.8,1430,50.0
20,8,2014,SWD,418,282,216,51.7,146,34.9,43,10.3,13,3.1,56,13.4
20,8,2015,Not SWD,2657,322,401,15.1,921,34.7,676,25.4,659,24.8,1335,50.2
20,8,2015,SWD,410,282,205,50.0,154,37.6,41,10.0,10,2.4,51,12.4
20,All Grades,2013,Not SWD,18497,319,3079,16.6,5660,30.6,5103,27.6,4655,25.2,9758,52.8
20,All Grades,2013,SWD,2737,282,1457,53.2,876,32.0,302,11.0,102,3.7,404,14.8
20,All Grades,2014,Not SWD,18322,324,2460,13.4,5033,27.5,5259,28.7,5570,30.4,10829,59.1
20,All Grades,2014,SWD,3045,287,1450,47.6,989,32.5,413,13.6,193,6.3,606,19.9
20,All Grades,2015,Not SWD,18855,326,2372,12.6,4969,26.4,5362,28.4,6152,32.6,11514,61.1
20,All Grades,2015,SWD,3144,286,1553,49.4,1003,31.9,392,12.5,196,6.2,588,18.7
21,3,2013,Not SWD,1726,308,411,23.8,573,33.2,433,25.1,309,17.9,742,43.0
21,3,2013,SWD,404,282,205,50.7,141,34.9,39,9.7,19,4.7,58,14.4
21,3,2014,Not SWD,1655,315,294,17.8,461,27.9,506,30.6,394,23.8,900,54.4
21,3,2014,SWD,465,287,219,47.1,147,31.6,63,13.5,36,7.7,99,21.3
21,3,2015,Not SWD,1683,311,338,20.1,531,31.6,437,26.0,377,22.4,814,48.4
21,3,2015,SWD,435,286,203,46.7,133,30.6,70,16.1,29,6.7,99,22.8
21,4,2013,Not SWD,1546,314,252,16.3,510,33.0,458,29.6,326,21.1,784,50.7
21,4,2013,SWD,380,284,187,49.2,124,32.6,51,13.4,18,4.7,69,18.2
21,4,2014,Not SWD,1655,319,274,16.6,472,28.5,427,25.8,482,29.1,909,54.9
21,4,2014,SWD,444,283,219,49.3,146,32.9,50,11.3,29,6.5,79,17.8
21,4,2015,Not SWD,1647,318,263,16.0,489,29.7,404,24.5,491,29.8,895,54.3
21,4,2015,SWD,479,284,233,48.6,152,31.7,60,12.5,34,7.1,94,19.6
21,5,2013,Not SWD,1502,316,325,21.6,462,30.8,452,30.1,263,17.5,715,47.6
21,5,2013,SWD,379,283,249,65.7,71,18.7,45,11.9,14,3.7,59,15.6
21,5,2014,Not SWD,1501,325,206,13.7,406,27.0,483,32.2,406,27.0,889,59.2
21,5,2014,SWD,409,294,191,46.7,114,27.9,75,18.3,29,7.1,104,25.4
21,5,2015,Not SWD,1602,324,264,16.5,405,25.3,506,31.6,427,26.7,933,58.2
21,5,2015,SWD,421,292,199,47.3,130,30.9,79,18.8,13,3.1,92,21.9
21,6,2013,Not SWD,2297,323,264,11.5,775,33.7,545,23.7,713,31.0,1258,54.8
21,6,2013,SWD,388,281,211,54.4,136,35.1,32,8.2,9,2.3,41,10.6
21,6,2014,Not SWD,2286,328,202,8.8,626,27.4,557,24.4,901,39.4,1458,63.8
21,6,2014,SWD,383,285,186,48.6,108,28.2,61,15.9,28,7.3,89,23.2
21,6,2015,Not SWD,2302,325,274,11.9,643,27.9,577,25.1,808,35.1,1385,60.2
21,6,2015,SWD,408,282,198,48.5,148,36.3,44,10.8,18,4.4,62,15.2
21,7,2013,Not SWD,2297,317,537,23.4,705,30.7,573,24.9,482,21.0,1055,45.9
21,7,2013,SWD,352,274,247,70.2,90,25.6,11,3.1,4,1.1,15,4.3
21,7,2014,Not SWD,2280,326,330,14.5,631,27.7,715,31.4,604,26.5,1319,57.9
21,7,2014,SWD,397,283,236,59.4,110,27.7,43,10.8,8,2.0,51,12.8
21,7,2015,Not SWD,2343,330,269,11.5,608,25.9,699,29.8,767,32.7,1466,62.6
21,7,2015,SWD,362,282,207,57.2,107,29.6,36,9.9,12,3.3,48,13.3
21,8,2013,Not SWD,2270,321,288,12.7,878,38.7,670,29.5,434,19.1,1104,48.6
21,8,2013,SWD,323,273,204,63.2,97,30.0,18,5.6,4,1.2,22,6.8
21,8,2014,Not SWD,1724,315,346,20.1,617,35.8,422,24.5,339,19.7,761,44.1
21,8,2014,SWD,346,274,208,60.1,110,31.8,27,7.8,1,0.3,28,8.1
21,8,2015,Not SWD,1905,322,300,15.7,658,34.5,476,25.0,471,24.7,947,49.7
21,8,2015,SWD,365,278,207,56.7,127,34.8,25,6.8,6,1.6,31,8.5
21,All Grades,2013,Not SWD,11638,317,2077,17.8,3903,33.5,3131,26.9,2527,21.7,5658,48.6
21,All Grades,2013,SWD,2226,280,1303,58.5,659,29.6,196,8.8,68,3.1,264,11.9
21,All Grades,2014,Not SWD,11101,322,1652,14.9,3213,28.9,3110,28.0,3126,28.2,6236,56.2
21,All Grades,2014,SWD,2444,285,1259,51.5,735,30.1,319,13.1,131,5.4,450,18.4
21,All Grades,2015,Not SWD,11482,322,1708,14.9,3334,29.0,3099,27.0,3341,29.1,6440,56.1
21,All Grades,2015,SWD,2470,284,1247,50.5,797,32.3,314,12.7,112,4.5,426,17.2
22,3,2013,Not SWD,2357,307,546,23.2,856,36.3,611,25.9,344,14.6,955,40.5
22,3,2013,SWD,461,283,223,48.4,163,35.4,53,11.5,22,4.8,75,16.3
22,3,2014,Not SWD,2275,311,426,18.7,749,32.9,682,30.0,418,18.4,1100,48.4
22,3,2014,SWD,557,283,269,48.3,189,33.9,72,12.9,27,4.8,99,17.8
22,3,2015,Not SWD,2345,312,442,18.8,764,32.6,636,27.1,503,21.4,1139,48.6
22,3,2015,SWD,484,286,228,47.1,148,30.6,78,16.1,30,6.2,108,22.3
22,4,2013,Not SWD,2328,311,399,17.1,827,35.5,660,28.4,442,19.0,1102,47.3
22,4,2013,SWD,498,278,272,54.6,142,28.5,68,13.7,16,3.2,84,16.9
22,4,2014,Not SWD,2165,316,344,15.9,699,32.3,598,27.6,524,24.2,1122,51.8
22,4,2014,SWD,566,283,275,48.6,178,31.4,77,13.6,36,6.4,113,20.0
22,4,2015,Not SWD,2210,313,393,17.8,704,31.9,584,26.4,529,23.9,1113,50.4
22,4,2015,SWD,585,277,331,56.6,162,27.7,63,10.8,29,5.0,92,15.7
22,5,2013,Not SWD,2405,312,662,27.5,766,31.9,637,26.5,340,14.1,977,40.6
22,5,2013,SWD,488,279,324,66.4,124,25.4,32,6.6,8,1.6,40,8.2
22,5,2014,Not SWD,2242,321,434,19.4,604,26.9,662,29.5,542,24.2,1204,53.7
22,5,2014,SWD,531,283,304,57.3,151,28.4,48,9.0,28,5.3,76,14.3
22,5,2015,Not SWD,2103,320,385,18.3,592,28.2,677,32.2,449,21.4,1126,53.5
22,5,2015,SWD,537,284,315,58.7,138,25.7,63,11.7,21,3.9,84,15.6
22,6,2013,Not SWD,1877,311,374,19.9,733,39.1,389,20.7,381,20.3,770,41.0
22,6,2013,SWD,473,269,307,64.9,137,29.0,18,3.8,11,2.3,29,6.1
22,6,2014,Not SWD,1779,312,354,19.9,653,36.7,360,20.2,412,23.2,772,43.4
22,6,2014,SWD,468,275,274,58.5,153,32.7,25,5.3,16,3.4,41,8.8
22,6,2015,Not SWD,1668,313,329,19.7,591,35.4,342,20.5,406,24.3,748,44.8
22,6,2015,SWD,499,274,310,62.1,132,26.5,33,6.6,24,4.8,57,11.4
22,7,2013,Not SWD,1912,309,578,30.2,660,34.5,411,21.5,263,13.8,674,35.3
22,7,2013,SWD,444,268,352,79.3,78,17.6,11,2.5,3,0.7,14,3.2
22,7,2014,Not SWD,1846,313,485,26.3,611,33.1,465,25.2,285,15.4,750,40.6
22,7,2014,SWD,482,273,346,71.8,114,23.7,16,3.3,6,1.2,22,4.6
22,7,2015,Not SWD,1747,314,418,23.9,600,34.3,413,23.6,316,18.1,729,41.7
22,7,2015,SWD,483,277,308,63.8,134,27.7,31,6.4,10,2.1,41,8.5
22,8,2013,Not SWD,1941,308,455,23.4,831,42.8,443,22.8,212,10.9,655,33.7
22,8,2013,SWD,438,272,293,66.9,114,26.0,25,5.7,6,1.4,31,7.1
22,8,2014,Not SWD,1723,312,387,22.5,684,39.7,367,21.3,285,16.5,652,37.8
22,8,2014,SWD,463,272,296,63.9,138,29.8,27,5.8,2,0.4,29,6.3
22,8,2015,Not SWD,1774,314,356,20.1,722,40.7,382,21.5,314,17.7,696,39.2
22,8,2015,SWD,470,269,330,70.2,118,25.1,20,4.3,2,0.4,22,4.7
22,All Grades,2013,Not SWD,12820,309,3014,23.5,4673,36.5,3151,24.6,1982,15.5,5133,40.0
22,All Grades,2013,SWD,2802,275,1771,63.2,758,27.1,207,7.4,66,2.4,273,9.7
22,All Grades,2014,Not SWD,12030,314,2430,20.2,4000,33.3,3134,26.1,2466,20.5,5600,46.6
22,All Grades,2014,SWD,3067,279,1764,57.5,923,30.1,265,8.6,115,3.7,380,12.4
22,All Grades,2015,Not SWD,11847,314,2323,19.6,3973,33.5,3034,25.6,2517,21.2,5551,46.9
22,All Grades,2015,SWD,3058,278,1822,59.6,832,27.2,288,9.4,116,3.8,404,13.2
23,3,2013,Not SWD,694,284,338,48.7,252,36.3,89,12.8,15,2.2,104,15.0
23,3,2013,SWD,230,264,171,74.3,44,19.1,13,5.7,2,0.9,15,6.5
23,3,2014,Not SWD,556,287,244,43.9,196,35.3,99,17.8,17,3.1,116,20.9
23,3,2014,SWD,212,262,158,74.5,42,19.8,10,4.7,2,0.9,12,5.7
23,3,2015,Not SWD,511,289,232,45.4,158,30.9,87,17.0,34,6.7,121,23.7
23,3,2015,SWD,237,264,182,76.8,31,13.1,17,7.2,7,3.0,24,10.1
23,4,2013,Not SWD,664,278,371,55.9,216,32.5,65,9.8,12,1.8,77,11.6
23,4,2013,SWD,239,256,192,80.3,42,17.6,4,1.7,1,0.4,5,2.1
23,4,2014,Not SWD,612,283,303,49.5,209,34.2,80,13.1,20,3.3,100,16.3
23,4,2014,SWD,300,254,238,79.3,51,17.0,10,3.3,1,0.3,11,3.7
23,4,2015,Not SWD,514,274,297,57.8,149,29.0,55,10.7,13,2.5,68,13.2
23,4,2015,SWD,228,255,181,79.4,32,14.0,10,4.4,5,2.2,15,6.6
23,5,2013,Not SWD,591,287,343,58.0,183,31.0,57,9.6,8,1.4,65,11.0
23,5,2013,SWD,248,256,219,88.3,25,10.1,3,1.2,1,0.4,4,1.6
23,5,2014,Not SWD,514,290,273,53.1,154,30.0,58,11.3,29,5.6,87,16.9
23,5,2014,SWD,234,257,208,88.9,18,7.7,7,3.0,1,0.4,8,3.4
23,5,2015,Not SWD,521,291,264,50.7,176,33.8,68,13.1,13,2.5,81,15.5
23,5,2015,SWD,280,264,219,78.2,48,17.1,12,4.3,1,0.4,13,4.6
23,6,2013,Not SWD,806,292,304,37.7,346,42.9,124,15.4,32,4.0,156,19.4
23,6,2013,SWD,224,255,183,81.7,38,17.0,3,1.3,0,0.0,3,1.3
23,6,2014,Not SWD,759,290,288,37.9,337,44.4,103,13.6,31,4.1,134,17.7
23,6,2014,SWD,249,260,188,75.5,51,20.5,8,3.2,2,0.8,10,4.0
23,6,2015,Not SWD,627,291,241,38.4,255,40.7,97,15.5,34,5.4,131,20.9
23,6,2015,SWD,235,259,182,77.4,47,20.0,5,2.1,1,0.4,6,2.6
23,7,2013,Not SWD,916,289,489,53.4,305,33.3,112,12.2,10,1.1,122,13.3
23,7,2013,SWD,270,256,237,87.8,27,10.0,6,2.2,0,0.0,6,2.2
23,7,2014,Not SWD,766,295,339,44.3,280,36.6,126,16.4,21,2.7,147,19.2
23,7,2014,SWD,233,258,210,90.1,22,9.4,1,0.4,0,0.0,1,0.4
23,7,2015,Not SWD,735,291,344,46.8,277,37.7,94,12.8,20,2.7,114,15.5
23,7,2015,SWD,244,261,194,79.5,46,18.9,4,1.6,0,0.0,4,1.6
23,8,2013,Not SWD,920,286,452,49.1,350,38.0,96,10.4,22,2.4,118,12.8
23,8,2013,SWD,239,255,200,83.7,38,15.9,1,0.4,0,0.0,1,0.4
23,8,2014,Not SWD,873,292,349,40.0,351,40.2,141,16.2,32,3.7,173,19.8
23,8,2014,SWD,275,255,229,83.3,42,15.3,2,0.7,2,0.7,4,1.5
23,8,2015,Not SWD,712,287,328,46.1,305,42.8,65,9.1,14,2.0,79,11.1
23,8,2015,SWD,218,256,181,83.0,33,15.1,2,0.9,2,0.9,4,1.8
23,All Grades,2013,Not SWD,4591,286,2297,50.0,1652,36.0,543,11.8,99,2.2,642,14.0
23,All Grades,2013,SWD,1450,257,1202,82.9,214,14.8,30,2.1,4,0.3,34,2.3
23,All Grades,2014,Not SWD,4080,290,1796,44.0,1527,37.4,607,14.9,150,3.7,757,18.6
23,All Grades,2014,SWD,1503,258,1231,81.9,226,15.0,38,2.5,8,0.5,46,3.1
23,All Grades,2015,Not SWD,3620,288,1706,47.1,1320,36.5,466,12.9,128,3.5,594,16.4
23,All Grades,2015,SWD,1442,260,1139,79.0,237,16.4,50,3.5,16,1.1,66,4.6
24,3,2013,Not SWD,4191,308,882,21.0,1557,37.2,1063,25.4,689,16.4,1752,41.8
24,3,2013,SWD,746,280,399,53.5,249,33.4,82,11.0,16,2.1,98,13.1
24,3,2014,Not SWD,4149,310,783,18.9,1379,33.2,1288,31.0,699,16.8,1987,47.9
24,3,2014,SWD,808,286,368,45.5,269,33.3,133,16.5,38,4.7,171,21.2
24,3,2015,Not SWD,4040,309,860,21.3,1378,34.1,1061,26.3,741,18.3,1802,44.6
24,3,2015,SWD,869,283,458,52.7,264,30.4,93,10.7,54,6.2,147,16.9
24,4,2013,Not SWD,3941,310,706,17.9,1448,36.7,1116,28.3,671,17.0,1787,45.3
24,4,2013,SWD,719,277,410,57.0,222,30.9,69,9.6,18,2.5,87,12.1
24,4,2014,Not SWD,3987,314,674,16.9,1313,32.9,1071,26.9,929,23.3,2000,50.2
24,4,2014,SWD,831,279,439,52.8,261,31.4,97,11.7,34,4.1,131,15.8
24,4,2015,Not SWD,4005,313,685,17.1,1356,33.9,1069,26.7,895,22.3,1964,49.0
24,4,2015,SWD,865,280,436,50.4,303,35.0,98,11.3,28,3.2,126,14.6
24,5,2013,Not SWD,3793,309,1089,28.7,1249,32.9,1001,26.4,454,12.0,1455,38.4
24,5,2013,SWD,656,279,448,68.3,150,22.9,47,7.2,11,1.7,58,8.8
24,5,2014,Not SWD,3765,318,787,20.9,1117,29.7,1102,29.3,759,20.2,1861,49.4
24,5,2014,SWD,764,283,461,60.3,208,27.2,72,9.4,23,3.0,95,12.4
24,5,2015,Not SWD,3787,321,668,17.6,1074,28.4,1195,31.6,850,22.4,2045,54.0
24,5,2015,SWD,825,284,463,56.1,248,30.1,98,11.9,16,1.9,114,13.8
24,6,2013,Not SWD,3436,309,667,19.4,1513,44.0,663,19.3,593,17.3,1256,36.6
24,6,2013,SWD,655,274,372,56.8,253,38.6,21,3.2,9,1.4,30,4.6
24,6,2014,Not SWD,3319,313,550,16.6,1281,38.6,769,23.2,719,21.7,1488,44.8
24,6,2014,SWD,689,275,409,59.4,219,31.8,39,5.7,22,3.2,61,8.9
24,6,2015,Not SWD,3362,314,617,18.4,1233,36.7,726,21.6,786,23.4,1512,45.0
24,6,2015,SWD,747,276,429,57.4,247,33.1,49,6.6,22,2.9,71,9.5
24,7,2013,Not SWD,3500,309,977,27.9,1313,37.5,813,23.2,397,11.3,1210,34.6
24,7,2013,SWD,660,271,492,74.5,138,20.9,25,3.8,5,0.8,30,4.5
24,7,2014,Not SWD,3560,315,737,20.7,1281,36.0,1031,29.0,511,14.4,1542,43.3
24,7,2014,SWD,708,277,467,66.0,189,26.7,47,6.6,5,0.7,52,7.3
24,7,2015,Not SWD,3471,318,633,18.2,1187,34.2,996,28.7,655,18.9,1651,47.6
24,7,2015,SWD,667,276,434,65.1,181,27.1,44,6.6,8,1.2,52,7.8
24,8,2013,Not SWD,3437,313,644,18.7,1477,43.0,800,23.3,516,15.0,1316,38.3
24,8,2013,SWD,623,273,405,65.0,190,30.5,22,3.5,6,1.0,28,4.5
24,8,2014,Not SWD,2903,311,537,18.5,1305,45.0,718,24.7,343,11.8,1061,36.5
24,8,2014,SWD,651,274,397,61.0,211,32.4,38,5.8,5,0.8,43,6.6
24,8,2015,Not SWD,2929,309,594,20.3,1346,46.0,659,22.5,330,11.3,989,33.8
24,8,2015,SWD,660,274,412,62.4,208,31.5,36,5.5,4,0.6,40,6.1
24,All Grades,2013,Not SWD,22298,310,4965,22.3,8557,38.4,5456,24.5,3320,14.9,8776,39.4
24,All Grades,2013,SWD,4059,276,2526,62.2,1202,29.6,266,6.6,65,1.6,331,8.2
24,All Grades,2014,Not SWD,21683,314,4068,18.8,7676,35.4,5979,27.6,3960,18.3,9939,45.8
24,All Grades,2014,SWD,4451,279,2541,57.1,1357,30.5,426,9.6,127,2.9,553,12.4
24,All Grades,2015,Not SWD,21594,314,4057,18.8,7574,35.1,5706,26.4,4257,19.7,9963,46.1
24,All Grades,2015,SWD,4633,279,2632,56.8,1451,31.3,418,9.0,132,2.8,550,11.9
25,3,2013,Not SWD,2336,323,221,9.5,677,29.0,739,31.6,699,29.9,1438,61.6
25,3,2013,SWD,387,290,161,41.6,137,35.4,61,15.8,28,7.2,89,23.0
25,3,2014,Not SWD,2302,325,219,9.5,542,23.5,800,34.8,741,32.2,1541,66.9
25,3,2014,SWD,377,293,143,37.9,127,33.7,77,20.4,30,8.0,107,28.4
25,3,2015,Not SWD,2314,324,212,9.2,639,27.6,704,30.4,759,32.8,1463,63.2
25,3,2015,SWD,453,293,176,38.9,154,34.0,83,18.3,40,8.8,123,27.2
25,4,2013,Not SWD,2072,327,141,6.8,546,26.4,663,32.0,722,34.8,1385,66.8
25,4,2013,SWD,406,290,166,40.9,140,34.5,66,16.3,34,8.4,100,24.6
25,4,2014,Not SWD,2185,331,141,6.5,514,23.5,699,32.0,831,38.0,1530,70.0
25,4,2014,SWD,445,294,163,36.6,164,36.9,73,16.4,45,10.1,118,26.5
25,4,2015,Not SWD,2226,331,152,6.8,512,23.0,658,29.6,904,40.6,1562,70.2
25,4,2015,SWD,429,291,163,38.0,147,34.3,79,18.4,40,9.3,119,27.7
25,5,2013,Not SWD,2046,326,277,13.5,546,26.7,682,33.3,541,26.4,1223,59.8
25,5,2013,SWD,417,293,203,48.7,139,33.3,52,12.5,23,5.5,75,18.0
25,5,2014,Not SWD,2053,334,181,8.8,428,20.8,699,34.0,745,36.3,1444,70.3
25,5,2014,SWD,445,298,167,37.5,165,37.1,85,19.1,28,6.3,113,25.4
25,5,2015,Not SWD,2147,337,143,6.7,420,19.6,740,34.5,844,39.3,1584,73.8
25,5,2015,SWD,438,300,162,37.0,153,34.9,81,18.5,42,9.6,123,28.1
25,6,2013,Not SWD,2072,324,209,10.1,664,32.0,502,24.2,697,33.6,1199,57.9
25,6,2013,SWD,368,285,166,45.1,156,42.4,32,8.7,14,3.8,46,12.5
25,6,2014,Not SWD,2041,331,147,7.2,533,26.1,524,25.7,837,41.0,1361,66.7
25,6,2014,SWD,408,291,161,39.5,158,38.7,57,14.0,32,7.8,89,21.8
25,6,2015,Not SWD,2082,330,149,7.2,582,28.0,529,25.4,822,39.5,1351,64.9
25,6,2015,SWD,405,282,196,48.4,148,36.5,46,11.4,15,3.7,61,15.1
25,7,2013,Not SWD,2211,322,340,15.4,715,32.3,714,32.3,442,20.0,1156,52.3
25,7,2013,SWD,355,285,200,56.3,115,32.4,34,9.6,6,1.7,40,11.3
25,7,2014,Not SWD,2064,327,244,11.8,600,29.1,710,34.4,510,24.7,1220,59.1
25,7,2014,SWD,375,286,218,58.1,121,32.3,30,8.0,6,1.6,36,9.6
25,7,2015,Not SWD,2063,331,197,9.5,566,27.4,646,31.3,654,31.7,1300,63.0
25,7,2015,SWD,382,288,199,52.1,120,31.4,47,12.3,16,4.2,63,16.5
25,8,2013,Not SWD,2157,322,261,12.1,804,37.3,614,28.5,478,22.2,1092,50.6
25,8,2013,SWD,344,280,192,55.8,130,37.8,19,5.5,3,0.9,22,6.4
25,8,2014,Not SWD,1588,317,232,14.6,623,39.2,502,31.6,231,14.5,733,46.2
25,8,2014,SWD,349,282,188,53.9,122,35.0,33,9.5,6,1.7,39,11.2
25,8,2015,Not SWD,1690,323,220,13.0,609,36.0,449,26.6,412,24.4,861,50.9
25,8,2015,SWD,318,275,193,60.7,102,32.1,15,4.7,8,2.5,23,7.2
25,All Grades,2013,Not SWD,12894,324,1449,11.2,3952,30.6,3914,30.4,3579,27.8,7493,58.1
25,All Grades,2013,SWD,2277,287,1088,47.8,817,35.9,264,11.6,108,4.7,372,16.3
25,All Grades,2014,Not SWD,12233,328,1164,9.5,3240,26.5,3934,32.2,3895,31.8,7829,64.0
25,All Grades,2014,SWD,2399,291,1040,43.4,857,35.7,355,14.8,147,6.1,502,20.9
25,All Grades,2015,Not SWD,12522,329,1073,8.6,3328,26.6,3726,29.8,4395,35.1,8121,64.9
25,All Grades,2015,SWD,2425,289,1089,44.9,824,34.0,351,14.5,161,6.6,512,21.1
26,3,2013,Not SWD,1530,334,52,3.4,312,20.4,565,36.9,601,39.3,1166,76.2
26,3,2013,SWD,251,301,71,28.3,94,37.5,57,22.7,29,11.6,86,34.3
26,3,2014,Not SWD,1419,336,39,2.7,231,16.3,506,35.7,643,45.3,1149,81.0
26,3,2014,SWD,277,308,53,19.1,102,36.8,82,29.6,40,14.4,122,44.0
26,3,2015,Not SWD,1454,337,54,3.7,260,17.9,441,30.3,699,48.1,1140,78.4
26,3,2015,SWD,246,305,61,24.8,88,35.8,59,24.0,38,15.4,97,39.4
26,4,2013,Not SWD,1449,336,41,2.8,248,17.1,488,33.7,672,46.4,1160,80.1
26,4,2013,SWD,250,303,66,26.4,89,35.6,57,22.8,38,15.2,95,38.0
26,4,2014,Not SWD,1538,343,21,1.4,236,15.3,472,30.7,809,52.6,1281,83.3
26,4,2014,SWD,284,304,76,26.8,100,35.2,63,22.2,45,15.8,108,38.0
26,4,2015,Not SWD,1429,341,25,1.7,241,16.9,394,27.6,769,53.8,1163,81.4
26,4,2015,SWD,280,302,70,25.0,107,38.2,74,26.4,29,10.4,103,36.8
26,5,2013,Not SWD,1437,338,76,5.3,291,20.3,488,34.0,582,40.5,1070,74.5
26,5,2013,SWD,258,304,82,31.8,98,38.0,57,22.1,21,8.1,78,30.2
26,5,2014,Not SWD,1454,347,37,2.5,192,13.2,464,31.9,761,52.3,1225,84.3
26,5,2014,SWD,285,312,77,27.0,92,32.3,68,23.9,48,16.8,116,40.7
26,5,2015,Not SWD,1545,347,43,2.8,189,12.2,514,33.3,799,51.7,1313,85.0
26,5,2015,SWD,290,307,76,26.2,96,33.1,91,31.4,27,9.3,118,40.7
26,6,2013,Not SWD,1627,334,71,4.4,411,25.3,425,26.1,720,44.3,1145,70.4
26,6,2013,SWD,240,299,63,26.3,111,46.3,43,17.9,23,9.6,66,27.5
26,6,2014,Not SWD,1654,341,41,2.5,315,19.0,401,24.2,897,54.2,1298,78.5
26,6,2014,SWD,280,300,78,27.9,110,39.3,56,20.0,36,12.9,92,32.9
26,6,2015,Not SWD,1643,339,74,4.5,294,17.9,443,27.0,832,50.6,1275,77.6
26,6,2015,SWD,244,298,81,33.2,98,40.2,33,13.5,32,13.1,65,26.6
26,7,2013,Not SWD,1724,332,138,8.0,419,24.3,628,36.4,539,31.3,1167,67.7
26,7,2013,SWD,228,297,88,38.6,96,42.1,32,14.0,12,5.3,44,19.3
26,7,2014,Not SWD,1635,338,72,4.4,354,21.7,587,35.9,622,38.0,1209,73.9
26,7,2014,SWD,249,301,83,33.3,95,38.2,60,24.1,11,4.4,71,28.5
26,7,2015,Not SWD,1592,339,65,4.1,314,19.7,569,35.7,644,40.5,1213,76.2
26,7,2015,SWD,239,296,95,39.7,90,37.7,48,20.1,6,2.5,54,22.6
26,8,2013,Not SWD,1654,333,68,4.1,487,29.4,615,37.2,484,29.3,1099,66.4
26,8,2013,SWD,232,296,79,34.1,107,46.1,36,15.5,10,4.3,46,19.8
26,8,2014,Not SWD,1063,328,60,5.6,384,36.1,387,36.4,232,21.8,619,58.2
26,8,2014,SWD,234,296,79,33.8,94,40.2,54,23.1,7,3.0,61,26.1
26,8,2015,Not SWD,811,323,62,7.6,334,41.2,262,32.3,153,18.9,415,51.2
26,8,2015,SWD,189,294,65,34.4,77,40.7,35,18.5,12,6.3,47,24.9
26,All Grades,2013,Not SWD,9421,335,446,4.7,2168,23.0,3209,34.1,3598,38.2,6807,72.3
26,All Grades,2013,SWD,1459,300,449,30.8,595,40.8,282,19.3,133,9.1,415,28.4
26,All Grades,2014,Not SWD,8763,339,270,3.1,1712,19.5,2817,32.1,3964,45.2,6781,77.4
26,All Grades,2014,SWD,1609,304,446,27.7,593,36.9,383,23.8,187,11.6,570,35.4
26,All Grades,2015,Not SWD,8474,339,323,3.8,1632,19.3,2623,31.0,3896,46.0,6519,76.9
26,All Grades,2015,SWD,1488,301,448,30.1,556,37.4,340,22.8,144,9.7,484,32.5
27,3,2013,Not SWD,2891,303,718,24.8,1147,39.7,646,22.3,380,13.1,1026,35.5
27,3,2013,SWD,623,279,341,54.7,192,30.8,65,10.4,25,4.0,90,14.4
27,3,2014,Not SWD,2870,306,662,23.1,1001,34.9,826,28.8,381,13.3,1207,42.1
27,3,2014,SWD,672,283,312,46.4,223,33.2,105,15.6,32,4.8,137,20.4
27,3,2015,Not SWD,2842,307,632,22.2,1029,36.2,752,26.5,429,15.1,1181,41.6
27,3,2015,SWD,671,282,356,53.1,190,28.3,88,13.1,37,5.5,125,18.6
27,4,2013,Not SWD,2939,307,631,21.5,1101,37.5,728,24.8,479,16.3,1207,41.1
27,4,2013,SWD,638,279,340,53.3,195,30.6,84,13.2,19,3.0,103,16.1
27,4,2014,Not SWD,2816,312,580,20.6,905,32.1,727,25.8,604,21.4,1331,47.3
27,4,2014,SWD,718,280,360,50.1,227,31.6,86,12.0,45,6.3,131,18.2
27,4,2015,Not SWD,2745,311,555,20.2,848,30.9,739,26.9,603,22.0,1342,48.9
27,4,2015,SWD,765,279,392,51.2,233,30.5,99,12.9,41,5.4,140,18.3
27,5,2013,Not SWD,2846,305,953,33.5,937,32.9,668,23.5,288,10.1,956,33.6
27,5,2013,SWD,650,276,451,69.4,144,22.2,42,6.5,13,2.0,55,8.5
27,5,2014,Not SWD,2919,313,747,25.6,869,29.8,785,26.9,518,17.7,1303,44.6
27,5,2014,SWD,716,283,414,57.8,194,27.1,77,10.8,31,4.3,108,15.1
27,5,2015,Not SWD,2752,313,681,24.7,801,29.1,817,29.7,453,16.5,1270,46.1
27,5,2015,SWD,737,282,449,60.9,164,22.3,102,13.8,22,3.0,124,16.8
27,6,2013,Not SWD,3119,308,638,20.5,1322,42.4,620,19.9,539,17.3,1159,37.2
27,6,2013,SWD,664,272,401,60.4,227,34.2,24,3.6,12,1.8,36,5.4
27,6,2014,Not SWD,2940,306,727,24.7,1113,37.9,564,19.2,536,18.2,1100,37.4
27,6,2014,SWD,722,270,454,62.9,205,28.4,42,5.8,21,2.9,63,8.7
27,6,2015,Not SWD,2953,310,631,21.4,1034,35.0,675,22.9,613,20.8,1288,43.6
27,6,2015,SWD,745,273,470,63.1,216,29.0,43,5.8,16,2.1,59,7.9
27,7,2013,Not SWD,3127,304,1047,33.5,1114,35.6,733,23.4,233,7.5,966,30.9
27,7,2013,SWD,540,264,429,79.4,91,16.9,18,3.3,2,0.4,20,3.7
27,7,2014,Not SWD,3073,308,927,30.2,1027,33.4,809,26.3,310,10.1,1119,36.4
27,7,2014,SWD,695,274,512,73.7,140,20.1,40,5.8,3,0.4,43,6.2
27,7,2015,Not SWD,2909,308,842,28.9,1011,34.8,697,24.0,359,12.3,1056,36.3
27,7,2015,SWD,706,273,514,72.8,145,20.5,40,5.7,7,1.0,47,6.7
27,8,2013,Not SWD,3112,304,928,29.8,1211,38.9,636,20.4,337,10.8,973,31.3
27,8,2013,SWD,571,269,391,68.5,153,26.8,24,4.2,3,0.5,27,4.7
27,8,2014,Not SWD,2172,294,741,34.1,1063,48.9,302,13.9,66,3.0,368,16.9
27,8,2014,SWD,526,265,381,72.4,119,22.6,20,3.8,6,1.1,26,4.9
27,8,2015,Not SWD,2046,295,720,35.2,972,47.5,289,14.1,65,3.2,354,17.3
27,8,2015,SWD,631,265,467,74.0,137,21.7,23,3.6,4,0.6,27,4.3
27,All Grades,2013,Not SWD,18034,305,4915,27.3,6832,37.9,4031,22.4,2256,12.5,6287,34.9
27,All Grades,2013,SWD,3686,273,2353,63.8,1002,27.2,257,7.0,74,2.0,331,9.0
27,All Grades,2014,Not SWD,16790,307,4384,26.1,5978,35.6,4013,23.9,2415,14.4,6428,38.3
27,All Grades,2014,SWD,4049,276,2433,60.1,1108,27.4,370,9.1,138,3.4,508,12.5
27,All Grades,2015,Not SWD,16247,308,4061,25.0,5695,35.1,3969,24.4,2522,15.5,6491,40.0
27,All Grades,2015,SWD,4255,276,2648,62.2,1085,25.5,395,9.3,127,3.0,522,12.3
28,3,2013,Not SWD,2285,307,579,25.3,770,33.7,542,23.7,394,17.2,936,41.0
28,3,2013,SWD,400,277,230,57.5,112,28.0,33,8.3,25,6.3,58,14.5
28,3,2014,Not SWD,2219,311,483,21.8,695,31.3,571,25.7,470,21.2,1041,46.9
28,3,2014,SWD,501,282,257,51.3,138,27.5,77,15.4,29,5.8,106,21.2
28,3,2015,Not SWD,2268,312,473,20.9,690,30.4,577,25.4,528,23.3,1105,48.7
28,3,2015,SWD,487,282,263,54.0,134,27.5,61,12.5,29,6.0,90,18.5
28,4,2013,Not SWD,2189,309,427,19.5,801,36.6,600,27.4,361,16.5,961,43.9
28,4,2013,SWD,489,275,292,59.7,137,28.0,43,8.8,17,3.5,60,12.3
28,4,2014,Not SWD,2120,318,374,17.6,622,29.3,512,24.2,612,28.9,1124,53.0
28,4,2014,SWD,469,281,245,52.2,137,29.2,55,11.7,32,6.8,87,18.6
28,4,2015,Not SWD,2128,315,390,18.3,659,31.0,546,25.7,533,25.0,1079,50.7
28,4,2015,SWD,522,278,285,54.6,170,32.6,50,9.6,17,3.3,67,12.8
28,5,2013,Not SWD,2072,310,643,31.0,614,29.6,486,23.5,329,15.9,815,39.3
28,5,2013,SWD,478,273,363,75.9,70,14.6,38,7.9,7,1.5,45,9.4
28,5,2014,Not SWD,2110,320,404,19.1,617,29.2,578,27.4,511,24.2,1089,51.6
28,5,2014,SWD,491,283,281,57.2,149,30.3,40,8.1,21,4.3,61,12.4
28,5,2015,Not SWD,2024,321,388,19.2,551,27.2,591,29.2,494,24.4,1085,53.6
28,5,2015,SWD,469,283,281,59.9,122,26.0,41,8.7,25,5.3,66,14.1
28,6,2013,Not SWD,1979,311,410,20.7,751,37.9,390,19.7,428,21.6,818,41.3
28,6,2013,SWD,439,271,279,63.6,125,28.5,18,4.1,17,3.9,35,8.0
28,6,2014,Not SWD,1946,318,334,17.2,611,31.4,416,21.4,585,30.1,1001,51.4
28,6,2014,SWD,463,271,307,66.3,119,25.7,21,4.5,16,3.5,37,8.0
28,6,2015,Not SWD,1965,318,347,17.7,625,31.8,429,21.8,564,28.7,993,50.5
28,6,2015,SWD,453,271,297,65.6,118,26.0,25,5.5,13,2.9,38,8.4
28,7,2013,Not SWD,1997,307,622,31.1,697,34.9,440,22.0,238,11.9,678,34.0
28,7,2013,SWD,443,267,352,79.5,72,16.3,15,3.4,4,0.9,19,4.3
28,7,2014,Not SWD,1929,311,521,27.0,644,33.4,494,25.6,270,14.0,764,39.6
28,7,2014,SWD,440,274,317,72.0,95,21.6,24,5.5,4,0.9,28,6.4
28,7,2015,Not SWD,1958,316,449,22.9,616,31.5,506,25.8,387,19.8,893,45.6
28,7,2015,SWD,430,273,304,70.7,100,23.3,21,4.9,5,1.2,26,6.0
28,8,2013,Not SWD,1917,307,503,26.2,773,40.3,409,21.3,232,12.1,641,33.4
28,8,2013,SWD,423,268,293,69.3,104,24.6,22,5.2,4,0.9,26,6.1
28,8,2014,Not SWD,1391,302,439,31.6,554,39.8,250,18.0,148,10.6,398,28.6
28,8,2014,SWD,406,266,283,69.7,105,25.9,18,4.4,0,0.0,18,4.4
28,8,2015,Not SWD,1217,305,370,30.4,442,36.3,233,19.1,172,14.1,405,33.3
28,8,2015,SWD,333,266,239,71.8,82,24.6,11,3.3,1,0.3,12,3.6
28,All Grades,2013,Not SWD,12439,308,3184,25.6,4406,35.4,2867,23.0,1982,15.9,4849,39.0
28,All Grades,2013,SWD,2672,272,1809,67.7,620,23.2,169,6.3,74,2.8,243,9.1
28,All Grades,2014,Not SWD,11715,314,2555,21.8,3743,32.0,2821,24.1,2596,22.2,5417,46.2
28,All Grades,2014,SWD,2770,276,1690,61.0,743,26.8,235,8.5,102,3.7,337,12.2
28,All Grades,2015,Not SWD,11560,315,2417,20.9,3583,31.0,2882,24.9,2678,23.2,5560,48.1
28,All Grades,2015,SWD,2694,276,1669,62.0,726,26.9,209,7.8,90,3.3,299,11.1
29,3,2013,Not SWD,2152,299,636,29.6,848,39.4,483,22.4,185,8.6,668,31.0
29,3,2013,SWD,392,270,258,65.8,107,27.3,23,5.9,4,1.0,27,6.9
29,3,2014,Not SWD,2051,301,578,28.2,758,37.0,494,24.1,221,10.8,715,34.9
29,3,2014,SWD,446,275,271,60.8,105,23.5,53,11.9,17,3.8,70,15.7
29,3,2015,Not SWD,2058,303,541,26.3,757,36.8,466,22.6,294,14.3,760,36.9
29,3,2015,SWD,442,277,258,58.4,124,28.1,48,10.9,12,2.7,60,13.6
29,4,2013,Not SWD,2095,299,627,29.9,782,37.3,467,22.3,219,10.5,686,32.7
29,4,2013,SWD,430,264,311,72.3,94,21.9,23,5.3,2,0.5,25,5.8
29,4,2014,Not SWD,1977,306,508,25.7,675,34.1,457,23.1,337,17.0,794,40.2
29,4,2014,SWD,487,270,298,61.2,140,28.7,32,6.6,17,3.5,49,10.1
29,4,2015,Not SWD,1933,303,499,25.8,710,36.7,440,22.8,284,14.7,724,37.5
29,4,2015,SWD,473,266,321,67.9,116,24.5,28,5.9,8,1.7,36,7.6
29,5,2013,Not SWD,2147,298,929,43.3,688,32.0,409,19.0,121,5.6,530,24.7
29,5,2013,SWD,456,264,383,84.0,59,12.9,11,2.4,3,0.7,14,3.1
29,5,2014,Not SWD,2023,309,583,28.8,648,32.0,515,25.5,277,13.7,792,39.1
29,5,2014,SWD,444,274,313,70.5,97,21.8,31,7.0,3,0.7,34,7.7
29,5,2015,Not SWD,1890,310,515,27.2,619,32.8,509,26.9,247,13.1,756,40.0
29,5,2015,SWD,497,274,349,70.2,102,20.5,37,7.4,9,1.8,46,9.3
29,6,2013,Not SWD,1984,294,623,31.4,957,48.2,294,14.8,110,5.5,404,20.4
29,6,2013,SWD,448,265,322,71.9,104,23.2,18,4.0,4,0.9,22,4.9
29,6,2014,Not SWD,1802,294,628,34.9,743,41.2,294,16.3,137,7.6,431,23.9
29,6,2014,SWD,451,265,337,74.7,90,20.0,19,4.2,5,1.1,24,5.3
29,6,2015,Not SWD,1752,295,622,35.5,706,40.3,285,16.3,139,7.9,424,24.2
29,6,2015,SWD,443,262,334,75.4,96,21.7,11,2.5,2,0.5,13,2.9
29,7,2013,Not SWD,2080,292,1034,49.7,741,35.6,221,10.6,84,4.0,305,14.7
29,7,2013,SWD,442,265,360,81.4,67,15.2,13,2.9,2,0.5,15,3.4
29,7,2014,Not SWD,1983,296,846,42.7,769,38.8,310,15.6,58,2.9,368,18.6
29,7,2014,SWD,445,268,357,80.2,75,16.9,11,2.5,2,0.4,13,2.9
29,7,2015,Not SWD,1799,296,752,41.8,682,37.9,288,16.0,77,4.3,365,20.3
29,7,2015,SWD,442,265,348,78.7,77,17.4,14,3.2,3,0.7,17,3.8
29,8,2013,Not SWD,2090,296,735,35.2,999,47.8,282,13.5,74,3.5,356,17.0
29,8,2013,SWD,448,263,335,74.8,100,22.3,13,2.9,0,0.0,13,2.9
29,8,2014,Not SWD,1979,295,738,37.3,856,43.3,262,13.2,123,6.2,385,19.5
29,8,2014,SWD,428,269,286,66.8,118,27.6,21,4.9,3,0.7,24,5.6
29,8,2015,Not SWD,1813,291,793,43.7,739,40.8,211,11.6,70,3.9,281,15.5
29,8,2015,SWD,419,264,330,78.8,74,17.7,13,3.1,2,0.5,15,3.6
29,All Grades,2013,Not SWD,12548,296,4584,36.5,5015,40.0,2156,17.2,793,6.3,2949,23.5
29,All Grades,2013,SWD,2616,265,1969,75.3,531,20.3,101,3.9,15,0.6,116,4.4
29,All Grades,2014,Not SWD,11815,300,3881,32.8,4449,37.7,2332,19.7,1153,9.8,3485,29.5
29,All Grades,2014,SWD,2701,270,1862,68.9,625,23.1,167,6.2,47,1.7,214,7.9
29,All Grades,2015,Not SWD,11245,300,3722,33.1,4213,37.5,2199,19.6,1111,9.9,3310,29.4
29,All Grades,2015,SWD,2716,268,1940,71.4,589,21.7,151,5.6,36,1.3,187,6.9
30,3,2013,Not SWD,2563,306,601,23.4,971,37.9,594,23.2,397,15.5,991,38.7
30,3,2013,SWD,427,274,258,60.4,117,27.4,40,9.4,12,2.8,52,12.2
30,3,2014,Not SWD,2537,310,487,19.2,852,33.6,754,29.7,444,17.5,1198,47.2
30,3,2014,SWD,550,281,293,53.3,152,27.6,81,14.7,24,4.4,105,19.1
30,3,2015,Not SWD,2564,313,489,19.1,817,31.9,683,26.6,575,22.4,1258,49.1
30,3,2015,SWD,529,278,295,55.8,163,30.8,60,11.3,11,2.1,71,13.4
30,4,2013,Not SWD,2584,310,485,18.8,957,37.0,677,26.2,465,18.0,1142,44.2
30,4,2013,SWD,489,273,292,59.7,149,30.5,42,8.6,6,1.2,48,9.8
30,4,2014,Not SWD,2394,315,417,17.4,782,32.7,617,25.8,578,24.1,1195,49.9
30,4,2014,SWD,490,271,303,61.8,120,24.5,52,10.6,15,3.1,67,13.7
30,4,2015,Not SWD,2505,314,414,16.5,829,33.1,668,26.7,594,23.7,1262,50.4
30,4,2015,SWD,533,279,276,51.8,176,33.0,55,10.3,26,4.9,81,15.2
30,5,2013,Not SWD,2555,309,785,30.7,790,30.9,639,25.0,341,13.3,980,38.4
30,5,2013,SWD,480,274,334,69.6,115,24.0,26,5.4,5,1.0,31,6.5
30,5,2014,Not SWD,2587,317,525,20.3,831,32.1,707,27.3,524,20.3,1231,47.6
30,5,2014,SWD,524,280,314,59.9,155,29.6,48,9.2,7,1.3,55,10.5
30,5,2015,Not SWD,2375,320,430,18.1,692,29.1,722,30.4,531,22.4,1253,52.8
30,5,2015,SWD,476,278,321,67.4,102,21.4,41,8.6,12,2.5,53,11.1
30,6,2013,Not SWD,2892,311,540,18.7,1149,39.7,678,23.4,525,18.2,1203,41.6
30,6,2013,SWD,457,273,281,61.5,150,32.8,17,3.7,9,2.0,26,5.7
30,6,2014,Not SWD,2853,314,519,18.2,990,34.7,646,22.6,698,24.5,1344,47.1
30,6,2014,SWD,501,276,291,58.1,161,32.1,32,6.4,17,3.4,49,9.8
30,6,2015,Not SWD,2849,317,440,15.4,977,34.3,687,24.1,745,26.1,1432,50.3
30,6,2015,SWD,503,278,283,56.3,157,31.2,51,10.1,12,2.4,63,12.5
30,7,2013,Not SWD,2827,311,755,26.7,1013,35.8,705,24.9,354,12.5,1059,37.5
30,7,2013,SWD,417,274,300,71.9,97,23.3,13,3.1,7,1.7,20,4.8
30,7,2014,Not SWD,2771,314,642,23.2,932,33.6,794,28.7,403,14.5,1197,43.2
30,7,2014,SWD,457,275,323,70.7,114,24.9,18,3.9,2,0.4,20,4.4
30,7,2015,Not SWD,2689,318,534,19.9,857,31.9,772,28.7,526,19.6,1298,48.3
30,7,2015,SWD,479,278,300,62.6,137,28.6,36,7.5,6,1.3,42,8.8
30,8,2013,Not SWD,2620,313,446,17.0,1129,43.1,700,26.7,345,13.2,1045,39.9
30,8,2013,SWD,384,272,252,65.6,106,27.6,22,5.7,4,1.0,26,6.8
30,8,2014,Not SWD,2458,311,458,18.6,1046,42.6,697,28.4,257,10.5,954,38.8
30,8,2014,SWD,420,275,252,60.0,147,35.0,17,4.0,4,1.0,21,5.0
30,8,2015,Not SWD,2365,314,375,15.9,1065,45.0,615,26.0,310,13.1,925,39.1
30,8,2015,SWD,445,274,276,62.0,146,32.8,19,4.3,4,0.9,23,5.2
30,All Grades,2013,Not SWD,16041,310,3612,22.5,6009,37.5,3993,24.9,2427,15.1,6420,40.0
30,All Grades,2013,SWD,2654,273,1717,64.7,734,27.7,160,6.0,43,1.6,203,7.6
30,All Grades,2014,Not SWD,15600,314,3048,19.5,5433,34.8,4215,27.0,2904,18.6,7119,45.6
30,All Grades,2014,SWD,2942,277,1776,60.4,849,28.9,248,8.4,69,2.3,317,10.8
30,All Grades,2015,Not SWD,15347,316,2682,17.5,5237,34.1,4147,27.0,3281,21.4,7428,48.4
30,All Grades,2015,SWD,2965,278,1751,59.1,881,29.7,262,8.8,71,2.4,333,11.2
31,3,2013,Not SWD,3527,310,652,18.5,1318,37.4,963,27.3,594,16.8,1557,44.1
31,3,2013,SWD,1099,282,566,51.5,360,32.8,131,11.9,42,3.8,173,15.7
31,3,2014,Not SWD,3237,314,514,15.9,1029,31.8,1037,32.0,657,20.3,1694,52.3
31,3,2014,SWD,1291,284,642,49.7,380,29.4,190,14.7,79,6.1,269,20.8
31,3,2015,Not SWD,3353,312,599,17.9,1116,33.3,950,28.3,688,20.5,1638,48.9
31,3,2015,SWD,1258,282,671,53.3,378,30.0,158,12.6,51,4.1,209,16.6
31,4,2013,Not SWD,3475,313,491,14.1,1244,35.8,1080,31.1,660,19.0,1740,50.1
31,4,2013,SWD,1250,279,691,55.3,373,29.8,136,10.9,50,4.0,186,14.9
31,4,2014,Not SWD,3298,318,429,13.0,1069,32.4,1025,31.1,775,23.5,1800,54.6
31,4,2014,SWD,1248,279,650,52.1,415,33.3,135,10.8,48,3.8,183,14.7
31,4,2015,Not SWD,3146,318,406,12.9,1008,32.0,919,29.2,813,25.8,1732,55.1
31,4,2015,SWD,1304,278,696,53.4,413,31.7,135,10.4,60,4.6,195,15.0
31,5,2013,Not SWD,3491,312,839,24.0,1242,35.6,980,28.1,430,12.3,1410,40.4
31,5,2013,SWD,1127,278,752,66.7,250,22.2,104,9.2,21,1.9,125,11.1
31,5,2014,Not SWD,3422,320,531,15.5,1060,31.0,1118,32.7,713,20.8,1831,53.5
31,5,2014,SWD,1324,282,796,60.1,349,26.4,135,10.2,44,3.3,179,13.5
31,5,2015,Not SWD,3222,324,405,12.6,959,29.8,1120,34.8,738,22.9,1858,57.7
31,5,2015,SWD,1288,283,707,54.9,400,31.1,152,11.8,29,2.3,181,14.1
31,6,2013,Not SWD,3158,309,604,19.1,1326,42.0,669,21.2,559,17.7,1228,38.9
31,6,2013,SWD,959,272,603,62.9,278,29.0,61,6.4,17,1.8,78,8.1
31,6,2014,Not SWD,3162,315,456,14.4,1156,36.6,813,25.7,737,23.3,1550,49.0
31,6,2014,SWD,1108,275,659,59.5,328,29.6,86,7.8,35,3.2,121,10.9
31,6,2015,Not SWD,3121,316,502,16.1,1141,36.6,712,22.8,766,24.5,1478,47.4
31,6,2015,SWD,1136,272,695,61.2,338,29.8,71,6.3,32,2.8,103,9.1
31,7,2013,Not SWD,3358,310,854,25.4,1311,39.0,891,26.5,302,9.0,1193,35.5
31,7,2013,SWD,938,271,661,70.5,227,24.2,41,4.4,9,1.0,50,5.3
31,7,2014,Not SWD,3093,316,629,20.3,1062,34.3,892,28.8,510,16.5,1402,45.3
31,7,2014,SWD,1017,277,675,66.4,258,25.4,75,7.4,9,0.9,84,8.3
31,7,2015,Not SWD,3170,318,542,17.1,1140,36.0,945,29.8,543,17.1,1488,46.9
31,7,2015,SWD,1021,275,667,65.3,267,26.2,70,6.9,17,1.7,87,8.5
31,8,2013,Not SWD,3313,311,602,18.2,1527,46.1,854,25.8,330,10.0,1184,35.7
31,8,2013,SWD,911,270,607,66.6,264,29.0,36,4.0,4,0.4,40,4.4
31,8,2014,Not SWD,2878,309,552,19.2,1282,44.5,809,28.1,235,8.2,1044,36.3
31,8,2014,SWD,967,273,600,62.0,304,31.4,51,5.3,12,1.2,63,6.5
31,8,2015,Not SWD,2402,307,533,22.2,1099,45.8,558,23.2,212,8.8,770,32.1
31,8,2015,SWD,918,270,625,68.1,232,25.3,54,5.9,7,0.8,61,6.6
31,All Grades,2013,Not SWD,20322,311,4042,19.9,7968,39.2,5437,26.8,2875,14.1,8312,40.9
31,All Grades,2013,SWD,6284,276,3880,61.7,1752,27.9,509,8.1,143,2.3,652,10.4
31,All Grades,2014,Not SWD,19090,316,3111,16.3,6658,34.9,5694,29.8,3627,19.0,9321,48.8
31,All Grades,2014,SWD,6955,279,4022,57.8,2034,29.2,672,9.7,227,3.3,899,12.9
31,All Grades,2015,Not SWD,18414,316,2987,16.2,6463,35.1,5204,28.3,3760,20.4,8964,48.7
31,All Grades,2015,SWD,6925,277,4061,58.6,2028,29.3,640,9.2,196,2.8,836,12.1
32,3,2013,Not SWD,1004,289,397,39.5,417,41.5,146,14.5,44,4.4,190,18.9
32,3,2013,SWD,271,271,181,66.8,71,26.2,14,5.2,5,1.8,19,7.0
32,3,2014,Not SWD,879,295,316,35.9,314,35.7,182,20.7,67,7.6,249,28.3
32,3,2014,SWD,240,276,135,56.3,74,30.8,24,10.0,7,2.9,31,12.9
32,3,2015,Not SWD,833,294,319,38.3,294,35.3,146,17.5,74,8.9,220,26.4
32,3,2015,SWD,224,275,137,61.2,59,26.3,24,10.7,4,1.8,28,12.5
32,4,2013,Not SWD,925,291,330,35.7,387,41.8,165,17.8,43,4.6,208,22.5
32,4,2013,SWD,239,270,166,69.5,54,22.6,17,7.1,2,0.8,19,7.9
32,4,2014,Not SWD,902,293,331,36.7,344,38.1,150,16.6,77,8.5,227,25.2
32,4,2014,SWD,273,266,177,64.8,78,28.6,16,5.9,2,0.7,18,6.6
32,4,2015,Not SWD,816,292,289,35.4,313,38.4,148,18.1,66,8.1,214,26.2
32,4,2015,SWD,236,269,147,62.3,67,28.4,18,7.6,4,1.7,22,9.3
32,5,2013,Not SWD,1009,292,497,49.3,338,33.5,145,14.4,29,2.9,174,17.2
32,5,2013,SWD,193,271,152,78.8,31,16.1,10,5.2,0,0.0,10,5.2
32,5,2014,Not SWD,902,303,302,33.5,330,36.6,196,21.7,74,8.2,270,29.9
32,5,2014,SWD,231,281,136,58.9,67,29.0,23,10.0,5,2.2,28,12.1
32,5,2015,Not SWD,832,302,310,37.3,279,33.5,179,21.5,64,7.7,243,29.2
32,5,2015,SWD,250,277,167,66.8,57,22.8,23,9.2,3,1.2,26,10.4
32,6,2013,Not SWD,1106,291,386,34.9,540,48.8,139,12.6,41,3.7,180,16.3
32,6,2013,SWD,239,259,183,76.6,53,22.2,2,0.8,1,0.4,3,1.3
32,6,2014,Not SWD,1028,296,326,31.7,427,41.5,185,18.0,90,8.8,275,26.8
32,6,2014,SWD,200,262,145,72.5,45,22.5,10,5.0,0,0.0,10,5.0
32,6,2015,Not SWD,909,299,272,29.9,347,38.2,192,21.1,98,10.8,290,31.9
32,6,2015,SWD,215,265,149,69.3,57,26.5,5,2.3,4,1.9,9,4.2
32,7,2013,Not SWD,1101,290,545,49.5,394,35.8,135,12.3,27,2.5,162,14.7
32,7,2013,SWD,221,258,190,86.0,30,13.6,1,0.5,0,0.0,1,0.5
32,7,2014,Not SWD,1028,296,433,42.1,409,39.8,160,15.6,26,2.5,186,18.1
32,7,2014,SWD,242,262,194,80.2,43,17.8,5,2.1,0,0.0,5,2.1
32,7,2015,Not SWD,998,299,355,35.6,424,42.5,177,17.7,42,4.2,219,21.9
32,7,2015,SWD,192,261,166,86.5,22,11.5,4,2.1,0,0.0,4,2.1
32,8,2013,Not SWD,1084,290,472,43.5,421,38.8,146,13.5,45,4.2,191,17.6
32,8,2013,SWD,220,256,178,80.9,35,15.9,5,2.3,2,0.9,7,3.2
32,8,2014,Not SWD,817,289,350,42.8,367,44.9,83,10.2,17,2.1,100,12.2
32,8,2014,SWD,200,261,155,77.5,43,21.5,2,1.0,0,0.0,2,1.0
32,8,2015,Not SWD,855,288,377,44.1,403,47.1,65,7.6,10,1.2,75,8.8
32,8,2015,SWD,220,260,171,77.7,46,20.9,3,1.4,0,0.0,3,1.4
32,All Grades,2013,Not SWD,6229,291,2627,42.2,2497,40.1,876,14.1,229,3.7,1105,17.7
32,All Grades,2013,SWD,1383,265,1050,75.9,274,19.8,49,3.5,10,0.7,59,4.3
32,All Grades,2014,Not SWD,5556,295,2058,37.0,2191,39.4,956,17.2,351,6.3,1307,23.5
32,All Grades,2014,SWD,1386,268,942,68.0,350,25.3,80,5.8,14,1.0,94,6.8
32,All Grades,2015,Not SWD,5243,296,1922,36.7,2060,39.3,907,17.3,354,6.8,1261,24.1
32,All Grades,2015,SWD,1337,268,937,70.1,308,23.0,77,5.8,15,1.1,92,6.9